지점,어린이1806,어린이1807,어린이1808,어린이1809,어린이1906,어린이1907,어린이1908,어린이1909,어린이2006,어린이2007,어린이2008,어린이2009,어린이평균
가락1동,24.83333333,28.56989247,28.97849462,24.13333333,24.64583333,27.31182796,28.49462366,23.11111111,28.6875,29.03225806,31.67741935,27.44444444,27.85809179
가락2동,24.83333333,28.56989247,28.97849462,24.13333333,24.64583333,27.31182796,28.49462366,23.11111111,28.6875,29.03225806,31.67741935,27.44444444,27.85809179
가락본동,24.83333333,28.56989247,28.97849462,24.13333333,24.64583333,27.31182796,28.49462366,23.11111111,28.6875,29.03225806,31.67741935,27.44444444,27.85809179
가리봉동,24.27083333,28.27956989,28.86021505,24.11111111,23.875,26.75268817,28.30107527,23.04444444,28.22916667,29.20430108,31.88172043,27.84444444,27.68946256
가산동,24.27083333,28.27956989,28.86021505,24.11111111,23.875,26.75268817,28.30107527,23.04444444,28.22916667,29.20430108,31.88172043,27.84444444,27.68946256
가양1동,24.47222222,28.5483871,29.2688172,24.22222222,24.07638889,26.84587814,28.07526882,23.26666667,28.27083334,29.03763441,31.67741935,27.57777778,27.7367653
가양2동,24.47222222,28.5483871,29.2688172,24.22222222,24.07638889,26.84587814,28.07526882,23.26666667,28.27083334,29.03763441,31.67741935,27.57777778,27.7367653
가양3동,24.47222222,28.5483871,29.2688172,24.22222222,24.07638889,26.84587814,28.07526882,23.26666667,28.27083334,29.03763441,31.67741935,27.57777778,27.7367653
가회동,24.35416667,27.8172043,28.44086022,23.26666667,23.83333333,26.5483871,27.5483871,22.26666667,28.45833333,29.03225806,31.37634409,27.31111111,27.30442331
갈현1동,23.85416667,27.78494624,28.34408602,23.13333333,24.4375,26.93548387,28.11827957,22.17777778,28.58333333,29.17204301,31.52688172,27.33333333,27.43161232
갈현2동,23.85416667,27.78494624,28.34408602,23.13333333,24.4375,26.93548387,28.11827957,22.17777778,28.58333333,29.17204301,31.52688172,27.33333333,27.43161232
강남_신사동,24.35416667,27.89247312,28.84946237,23.37777778,24.47916667,27.1827957,27.80645161,22.35555556,28.83333333,29.43010753,32.05376344,27.77777778,27.67149759
강일동,24.77083333,28.39784946,28.86021505,23.6,23.91666667,26.69892473,28.30107527,22.55555556,28.375,28.80645161,31.1827957,27.17777778,27.52030495
개봉1동,24.27083333,28.27956989,28.86021505,24.11111111,23.875,26.75268817,28.43010753,23.04444444,28.22916667,29.20430108,31.88172043,27.84444444,27.70395531
개봉2동,24.27083333,28.27956989,28.86021505,24.11111111,23.875,26.75268817,28.43010753,23.04444444,28.22916667,29.20430108,31.88172043,27.84444444,27.70395531
개봉3동,24.27083333,28.27956989,28.86021505,24.11111111,23.875,26.75268817,28.43010753,23.04444444,28.22916667,29.20430108,31.88172043,27.84444444,27.70395531
개포1동,24.83333333,28.59139785,28.8530466,24.04444444,24.54861111,27.37634409,28.41577061,23.02222222,28.80208334,29.20430108,31.83870968,27.58888889,27.88137832
개포2동,24.83333333,28.59139785,28.8530466,24.04444444,24.54861111,27.37634409,28.41577061,23.02222222,28.80208334,29.20430108,31.83870968,27.58888889,27.88137832
개포4동,24.83333333,28.59139785,28.8530466,24.04444444,24.54861111,27.37634409,28.41577061,23.02222222,28.80208334,29.20430108,31.83870968,27.58888889,27.88137832
거여1동,24.625,28.30107527,28.84946237,23.6,24.375,27.06451613,27.93548387,22.53333333,28.375,28.70967742,31.25806452,27.06666667,27.51554952
거여2동,24.625,28.30107527,28.84946237,23.6,24.375,27.06451613,27.93548387,22.53333333,28.375,28.70967742,31.25806452,27.06666667,27.51554952
고덕1동,24.77083333,28.39784946,28.84946237,23.6,23.91666667,26.69892473,28.05376344,22.55555556,28.375,28.80645161,31.1827957,27.17777778,27.49131944
고덕2동,24.77083333,28.39784946,28.84946237,23.6,23.91666667,26.69892473,28.05376344,22.55555556,28.375,28.80645161,31.1827957,27.17777778,27.49131944
고척1동,24.27083333,28.27956989,28.86021505,24.11111111,23.875,26.75268817,28.23655914,23.04444444,28.22916667,29.20430108,31.88172043,27.84444444,27.68221618
고척2동,24.27083333,28.27956989,28.86021505,24.11111111,23.875,26.75268817,28.23655914,23.04444444,28.22916667,29.20430108,31.88172043,27.84444444,27.68221618
공덕동,24.22916667,28.1827957,28.58064516,23.6,24.125,26.87096774,28.64516129,22.53333333,28.60416667,29.07526882,31.7311828,27.48888889,27.6245471
공릉1동,24.34375,28.16129033,29.02688172,23.56666667,24.47916667,27.06989248,27.88172043,22.55555556,28.66666667,28.92473119,31.40860215,27.26666667,27.57189765
공릉2동,24.34375,28.16129033,29.02688172,23.56666667,24.47916667,27.06989248,27.88172043,22.55555556,28.66666667,28.92473119,31.40860215,27.26666667,27.57189765
공항동,24.3125,28.4516129,29.08602151,24.24444444,23.83333333,26.79569892,27.98924731,23.22222222,28.29166667,29.1827957,31.76344086,27.6,27.69527476
관악_신사동,24.10416667,28.05376344,28.45161291,23.56666667,24.1875,26.95698925,27.5483871,22.75555556,28.60416667,29.39784946,32.02150538,27.91111111,27.58069143
광장동,24.8125,28.58064516,28.44086022,24.22222222,24.20833333,26.89247312,27.5483871,23.17777778,28.3125,28.78494624,31.32258065,27.08888889,27.52173913
광희동,24.35416667,27.8172043,28.86021505,23.26666667,23.83333333,26.5483871,28.30107527,22.26666667,28.45833333,29.03225806,31.37634409,27.31111111,27.43606582
교남동,24.35416667,27.8172043,28.86021505,23.26666667,23.83333333,26.5483871,28.30107527,22.26666667,28.45833333,29.03225806,31.37634409,27.31111111,27.43606582
구로1동,24.27083333,28.27956989,28.86021505,24.11111111,23.875,26.75268817,28.20215054,23.04444444,28.22916667,29.20430108,31.88172043,27.84444444,27.67835145
구로2동,24.27083333,28.27956989,28.86021505,24.11111111,23.875,26.75268817,28.20215054,23.04444444,28.22916667,29.20430108,31.88172043,27.84444444,27.67835145
구로3동,24.27083333,28.27956989,28.86021505,24.11111111,23.875,26.75268817,28.20215054,23.04444444,28.22916667,29.20430108,31.88172043,27.84444444,27.67835145
구로4동,24.27083333,28.27956989,28.86021505,24.11111111,23.875,26.75268817,28.20215054,23.04444444,28.22916667,29.20430108,31.88172043,27.84444444,27.67835145
구로5동,24.27083333,28.27956989,28.86021505,24.11111111,23.875,26.75268817,28.20215054,23.04444444,28.22916667,29.20430108,31.88172043,27.84444444,27.67835145
구산동,23.85416667,27.78494624,29.08602151,23.13333333,24.4375,26.93548387,27.98924731,22.17777778,28.58333333,29.17204301,31.52688172,27.33333333,27.5004529
구의1동,24.8125,28.58064516,29.08602151,24.22222222,24.20833333,26.89247312,28.16487455,23.17777778,28.3125,28.78494624,31.32258065,27.08888889,27.66344606
구의2동,24.8125,28.58064516,29.08602151,24.22222222,24.20833333,26.89247312,28.16487455,23.17777778,28.3125,28.78494624,31.32258065,27.08888889,27.66344606
구의3동,24.8125,28.58064516,29.08602151,24.22222222,24.20833333,26.89247312,28.16487455,23.17777778,28.3125,28.78494624,31.32258065,27.08888889,27.66344606
군자동,24.8125,28.58064516,28.44086022,24.22222222,24.20833333,26.89247312,28.51612903,23.17777778,28.3125,28.78494624,31.32258065,27.08888889,27.63043478
금호1가동,24.35416667,27.89247312,28.44086022,23.37777778,24.47916667,27.1827957,28.11827957,22.35555556,28.83333333,29.43010753,32.05376344,27.77777778,27.66062802
금호2·3가동,24.35416667,27.89247312,28.44086022,23.37777778,24.47916667,27.1827957,28.11827957,22.35555556,28.83333333,29.43010753,32.05376344,27.77777778,27.66062802
금호4가동,24.35416667,27.89247312,28.44086022,23.37777778,24.47916667,27.1827957,28.11827957,22.35555556,28.83333333,29.43010753,32.05376344,27.77777778,27.66062802
길동,24.79166667,28.37634409,28.58064516,23.75555556,24.10416667,26.62365591,28.64516129,22.68888889,28.16666667,28.44086022,30.91397849,26.71111111,27.43576389
길음1동,24.20833333,28.07526882,28.77419355,23.46666667,24.70833334,27.29032259,28.32258065,22.48888889,28.84375,29.22043011,31.69354839,27.51111111,27.69229318
길음2동,24.20833333,28.07526882,28.77419355,23.46666667,24.70833334,27.29032259,28.32258065,22.48888889,28.84375,29.22043011,31.69354839,27.51111111,27.69229318
낙성대동,24.25,28.24731183,28.44086022,23.84444444,24.15104167,26.97043011,28.1827957,22.74722223,28.60416667,29.39784946,32.02150538,27.91111111,27.69457654
난곡동,24.25,28.24731183,28.62365591,23.84444444,24.11197917,26.90725807,28.31854839,22.69444445,28.60416667,29.39784946,32.02150538,27.91111111,27.7182688
난향동,24.25,28.24731183,28.62365591,23.84444444,24.11197917,26.90725807,28.31854839,22.69444445,28.60416667,29.39784946,32.02150538,27.91111111,27.7182688
남가좌1동,23.95833333,27.86021505,28.74193548,23.28888889,24.10416667,26.72043011,28.24731183,22.24444444,28.47916667,28.90322581,31.44086022,27.26666667,27.42557367
남가좌2동,23.95833333,27.86021505,28.74193548,23.28888889,24.10416667,26.72043011,28.24731183,22.24444444,28.47916667,28.90322581,31.44086022,27.26666667,27.42557367
남영동,24.22916667,28.1827957,28.87096774,23.6,24.125,26.87096774,28.52688172,22.53333333,28.60416667,29.07526882,31.7311828,27.48888889,27.64387077
남현동,24.25,28.22580645,28.80645161,23.75555556,23.89583333,27.06451613,28.32258065,22.68888889,28.6875,29.40860215,31.84946237,27.66666667,27.71074879
내곡동,24.6875,28.49462366,28.80645161,23.71111111,24.52083333,27.38709677,28.32258065,22.71111111,28.89583333,29.32258065,31.90322581,27.71111111,27.84382548
노량진1동,24.25,28.24731183,28.96774194,23.84444444,24.1875,26.95698925,28.29032258,22.75555556,28.60416667,29.39784946,32.02150538,27.91111111,27.76675725
노량진2동,24.25,28.24731183,28.96774194,23.84444444,24.1875,26.95698925,28.29032258,22.75555556,28.60416667,29.39784946,32.02150538,27.91111111,27.76675725
녹번동,23.95833333,27.86021505,28.44086022,23.28888889,24.10416667,26.72043011,28.51612903,22.24444444,28.47916667,28.90322581,31.44086022,27.26666667,27.42195048
논현1동,24.59375,28.24731183,28.94623656,23.68888889,24.48958334,27.29569893,28.08064516,22.66666667,28.875,29.40322581,32.02688172,27.75555556,27.80812198
논현2동,24.59375,28.24731183,28.94623656,23.68888889,24.48958334,27.29569893,28.08064516,22.66666667,28.875,29.40322581,32.02688172,27.75555556,27.80812198
능동,24.8125,28.58064516,28.70967742,24.22222222,24.20833333,26.89247312,28.13978495,23.17777778,28.3125,28.78494624,31.32258065,27.08888889,27.61835749
다산동,24.35416667,27.8172043,28.44086022,23.26666667,23.83333333,26.5483871,27.5483871,22.26666667,28.45833333,29.03225806,31.37634409,27.31111111,27.30442331
답십리1동,24.27083333,28.15053763,29.10752688,23.46666667,24.5,27.08602151,28.09139785,22.51111111,28.58333333,29,31.48387097,27.2,27.60318539
답십리2동,24.27083333,28.15053763,29.10752688,23.46666667,24.5,27.08602151,28.09139785,22.51111111,28.58333333,29,31.48387097,27.2,27.60318539
당산1동,24.38541667,28.40860215,28.83333333,24.13333334,23.98958334,26.81182796,28.31182796,23.11111112,28.58333334,29.17204301,31.81182796,27.7,27.72599638
당산2동,24.38541667,28.40860215,28.83333333,24.13333334,23.98958334,26.81182796,28.31182796,23.11111112,28.58333334,29.17204301,31.81182796,27.7,27.72599638
대림1동,24.26388889,28.2688172,28.67025089,24.02222222,23.97916667,26.82078853,28.24731183,22.94814815,28.41666667,29.30107527,31.9516129,27.87777778,27.6944696
대림2동,24.26388889,28.2688172,28.67025089,24.02222222,23.97916667,26.82078853,28.24731183,22.94814815,28.41666667,29.30107527,31.9516129,27.87777778,27.6944696
대림3동,24.26388889,28.2688172,28.67025089,24.02222222,23.97916667,26.82078853,28.24731183,22.94814815,28.41666667,29.30107527,31.9516129,27.87777778,27.6944696
대방동,24.25,28.24731183,28.96774194,23.84444444,24.1875,26.95698925,28.68817204,22.75555556,28.60416667,29.39784946,32.02150538,27.91111111,27.81144324
대조동,23.85416667,27.78494624,28.96774194,23.13333333,24.4375,26.93548387,28.68817204,22.17777778,28.58333333,29.17204301,31.52688172,27.33333333,27.56567029
대치1동,24.83333333,28.60215054,28.88530466,24,24.5,27.40860215,28.37992832,22.97777778,28.91666667,29.37634409,32,27.73333333,27.92985105
대치2동,24.83333333,28.60215054,28.88530466,24,24.5,27.40860215,28.37992832,22.97777778,28.91666667,29.37634409,32,27.73333333,27.92985105
대치4동,24.83333333,28.60215054,28.88530466,24,24.5,27.40860215,28.37992832,22.97777778,28.91666667,29.37634409,32,27.73333333,27.92985105
대학동,24.25,28.24731183,28.62365591,23.84444444,24.11197917,26.90725807,28.31854839,22.69444445,28.60416667,29.39784946,32.02150538,27.91111111,27.7182688
대흥동,24.3125,28.31182796,28.96774194,24,24.0625,26.84946237,28.68817204,22.95555556,28.75,29.27956989,31.87096774,27.73333333,27.7906099
도곡1동,24.83333333,28.60215054,28.65591398,24,24.5,27.40860215,28.27419355,22.97777778,28.91666667,29.37634409,32,27.73333333,27.89221015
도곡2동,24.83333333,28.60215054,28.65591398,24,24.5,27.40860215,28.27419355,22.97777778,28.91666667,29.37634409,32,27.73333333,27.89221015
도림동,24.25,28.24731183,28.50537634,23.84444444,24.1875,26.95698925,28.22580645,22.75555556,28.60416667,29.39784946,32.02150538,27.91111111,27.7075785
도봉1동,24.125,27.91397849,28.88172043,23.33333333,24.5,27.21505376,28.21505376,22.28888889,28.85416667,29.11827957,31.59139785,27.53333333,27.61058273
도봉2동,24.125,27.91397849,28.88172043,23.33333333,24.5,27.21505376,28.21505376,22.28888889,28.85416667,29.11827957,31.59139785,27.53333333,27.61058273
도화동,24.3125,28.31182796,28.35483871,24,24.0625,26.84946237,27.97849462,22.95555556,28.75,29.27956989,31.87096774,27.73333333,27.64205918
독산1동,24.00520833,27.99193549,28.57795699,23.63333333,23.80729167,26.70698925,27.99731183,22.58333334,28.26041667,29.13440861,31.78763441,27.75,27.49520683
독산2동,24.00520833,27.99193549,28.57795699,23.63333333,23.80729167,26.70698925,27.99731183,22.58333334,28.26041667,29.13440861,31.78763441,27.75,27.49520683
독산3동,24.00520833,27.99193549,28.57795699,23.63333333,23.80729167,26.70698925,27.99731183,22.58333334,28.26041667,29.13440861,31.78763441,27.75,27.49520683
독산4동,24.00520833,27.99193549,28.57795699,23.63333333,23.80729167,26.70698925,27.99731183,22.58333334,28.26041667,29.13440861,31.78763441,27.75,27.49520683
돈암1동,24.3125,27.98387097,28.70967742,23.36666667,24.16666667,26.81720431,28.13978495,22.38888889,28.52083333,29.01612903,31.43010753,27.25555556,27.48248793
돈암2동,24.3125,27.98387097,28.70967742,23.36666667,24.16666667,26.81720431,28.13978495,22.38888889,28.52083333,29.01612903,31.43010753,27.25555556,27.48248793
동선동,24.27083333,28.15053763,28.78494624,23.46666667,24.5,27.08602151,27.69892473,22.51111111,28.58333333,29,31.48387097,27.2,27.52287138
동화동,24.3125,27.98387097,28.80645161,23.36666667,24.14166667,26.84946237,28.10107527,22.47555555,28.52083333,29.01612903,31.43010753,27.25555556,27.4959843
둔촌1동,24.79166667,28.37634409,29.10752688,23.75555556,24.10416667,26.62365591,28.05376344,22.68888889,28.16666667,28.44086022,30.91397849,26.71111111,27.42851751
둔촌2동,24.79166667,28.37634409,29.10752688,23.75555556,24.10416667,26.62365591,28.05376344,22.68888889,28.16666667,28.44086022,30.91397849,26.71111111,27.42851751
등촌1동,24.45833333,28.50537634,28.81003584,24.26666667,23.91666667,26.77419355,28.08602151,23.26666667,28.41666667,29.06451613,31.75268817,27.66666667,27.69077093
등촌2동,24.45833333,28.50537634,28.81003584,24.26666667,23.91666667,26.77419355,28.08602151,23.26666667,28.41666667,29.06451613,31.75268817,27.66666667,27.69077093
등촌3동,24.45833333,28.50537634,28.81003584,24.26666667,23.91666667,26.77419355,28.08602151,23.26666667,28.41666667,29.06451613,31.75268817,27.66666667,27.69077093
마장동,24.27083333,28.15053763,28.61290323,23.46666667,24.5,27.08602151,28.06451613,22.51111111,28.58333333,29,31.48387097,27.2,27.54461051
마천1동,24.625,28.30107527,29,23.6,24.375,27.06451613,27.69892473,22.53333333,28.375,28.70967742,31.25806452,27.06666667,27.50588768
마천2동,24.625,28.30107527,29,23.6,24.375,27.06451613,27.69892473,22.53333333,28.375,28.70967742,31.25806452,27.06666667,27.50588768
망우3동,24.70833333,28.39784946,28.88172043,23.88888889,24.25,26.67741935,28.12903226,22.82222222,28.25,28.53763441,31.03225806,26.82222222,27.47267512
망우본동,24.70833333,28.39784946,28.88172043,23.88888889,24.25,26.67741935,28.12903226,22.82222222,28.25,28.53763441,31.03225806,26.82222222,27.47267512
망원1동,24.3125,28.31182796,29,24,24.0625,26.84946237,27.69892473,22.95555556,28.75,29.27956989,31.87096774,27.73333333,27.68312198
망원2동,24.3125,28.31182796,29,24,24.0625,26.84946237,27.69892473,22.95555556,28.75,29.27956989,31.87096774,27.73333333,27.68312198
면목2동,24.70833333,28.39784946,28.87096774,23.88888889,24.25,26.67741935,27.67383513,22.82222222,28.25,28.53763441,31.03225806,26.82222222,27.42034018
면목3·8동,24.70833333,28.39784946,28.87096774,23.88888889,24.25,26.67741935,27.67383513,22.82222222,28.25,28.53763441,31.03225806,26.82222222,27.42034018
면목4동,24.70833333,28.39784946,28.87096774,23.88888889,24.25,26.67741935,27.67383513,22.82222222,28.25,28.53763441,31.03225806,26.82222222,27.42034018
면목5동,24.70833333,28.39784946,28.87096774,23.88888889,24.25,26.67741935,27.67383513,22.82222222,28.25,28.53763441,31.03225806,26.82222222,27.42034018
면목7동,24.70833333,28.39784946,28.87096774,23.88888889,24.25,26.67741935,27.67383513,22.82222222,28.25,28.53763441,31.03225806,26.82222222,27.42034018
면목본동,24.70833333,28.39784946,28.87096774,23.88888889,24.25,26.67741935,27.67383513,22.82222222,28.25,28.53763441,31.03225806,26.82222222,27.42034018
명동,24.35416667,27.8172043,28.78494624,23.26666667,23.83333333,26.5483871,27.69892473,22.26666667,28.45833333,29.03225806,31.37634409,27.31111111,27.35997887
명일1동,24.79166667,28.37634409,29.10752688,23.75555556,24.10416667,26.62365591,28.05376344,22.68888889,28.16666667,28.44086022,30.91397849,26.71111111,27.42851751
명일2동,24.79166667,28.37634409,29.10752688,23.75555556,24.10416667,26.62365591,28.05376344,22.68888889,28.16666667,28.44086022,30.91397849,26.71111111,27.42851751
목1동,24.45833333,28.50537634,28.93763441,24.26666667,23.91666667,26.77419355,27.85806452,23.26666667,28.41666667,29.06451613,31.75268817,27.66666667,27.67949879
목2동,24.45833333,28.50537634,28.93763441,24.26666667,23.91666667,26.77419355,27.85806452,23.26666667,28.41666667,29.06451613,31.75268817,27.66666667,27.67949879
목3동,24.45833333,28.50537634,28.93763441,24.26666667,23.91666667,26.77419355,27.85806452,23.26666667,28.41666667,29.06451613,31.75268817,27.66666667,27.67949879
목4동,24.45833333,28.50537634,28.93763441,24.26666667,23.91666667,26.77419355,27.85806452,23.26666667,28.41666667,29.06451613,31.75268817,27.66666667,27.67949879
목5동,24.45833333,28.50537634,28.93763441,24.26666667,23.91666667,26.77419355,27.85806452,23.26666667,28.41666667,29.06451613,31.75268817,27.66666667,27.67949879
무악동,24.35416667,27.8172043,28.92473118,23.26666667,23.83333333,26.5483871,27.58064516,22.26666667,28.45833333,29.03225806,31.37634409,27.31111111,27.36239432
묵1동,24.54166667,28.32258065,28.93010753,23.66666667,23.91666667,26.77419355,27.85806452,23.26666667,28.22916667,28.40860215,30.91397849,26.71111111,27.40004529
묵2동,24.54166667,28.32258065,28.93010753,23.66666667,23.91666667,26.77419355,27.85806452,23.26666667,28.22916667,28.40860215,30.91397849,26.71111111,27.40004529
문래동,24.3125,28.31182796,28.97849462,24,24.0625,26.84946237,28.49462366,22.95555556,28.75,29.27956989,31.87096774,27.73333333,27.7700785
문정1동,24.83333333,28.56989247,28.69354839,24.13333333,24.64583333,27.31182796,28.48387097,23.11111111,28.6875,29.03225806,31.67741935,27.44444444,27.82487923
문정2동,24.83333333,28.56989247,28.69354839,24.13333333,24.64583333,27.31182796,28.48387097,23.11111111,28.6875,29.03225806,31.67741935,27.44444444,27.82487923
미성동,24.25,28.24731183,28.62365591,23.84444444,24.11197917,26.90725807,28.31854839,22.69444445,28.60416667,29.39784946,32.02150538,27.91111111,27.7182688
미아동,24.14583333,28,28.74193548,23.46666667,24.91666667,27.49462366,28.26344086,22.46666667,29.10416667,29.44086022,31.90322581,27.82222222,27.7826087
반포1동,24.25,28.22580645,29.12903226,23.75555556,23.89583333,27.06451613,28.29462366,22.68888889,28.6875,29.40860215,31.84946237,27.66666667,27.74384058
반포2동,24.25,28.22580645,29.12903226,23.75555556,23.89583333,27.06451613,28.29462366,22.68888889,28.6875,29.40860215,31.84946237,27.66666667,27.74384058
반포3동,24.25,28.22580645,29.12903226,23.75555556,23.89583333,27.06451613,28.29462366,22.68888889,28.6875,29.40860215,31.84946237,27.66666667,27.74384058
반포4동,24.25,28.22580645,29.12903226,23.75555556,23.89583333,27.06451613,28.29462366,22.68888889,28.6875,29.40860215,31.84946237,27.66666667,27.74384058
반포본동,24.25,28.22580645,29.12903226,23.75555556,23.89583333,27.06451613,28.29462366,22.68888889,28.6875,29.40860215,31.84946237,27.66666667,27.74384058
발산1동,24.45833333,28.50537634,29.10752688,24.26666667,23.83333333,26.79569892,28.32258065,23.22222222,28.41666667,29.06451613,31.75268817,27.66666667,27.74622584
방배1동,24.25,28.22580645,29.08602151,23.75555556,23.89583333,27.06451613,28.29032258,22.68888889,28.6875,29.40860215,31.84946237,27.66666667,27.73852657
방배2동,24.25,28.22580645,29.08602151,23.75555556,23.89583333,27.06451613,28.29032258,22.68888889,28.6875,29.40860215,31.84946237,27.66666667,27.73852657
방배3동,24.25,28.22580645,29.08602151,23.75555556,23.89583333,27.06451613,28.29032258,22.68888889,28.6875,29.40860215,31.84946237,27.66666667,27.73852657
방배4동,24.25,28.22580645,29.08602151,23.75555556,23.89583333,27.06451613,28.29032258,22.68888889,28.6875,29.40860215,31.84946237,27.66666667,27.73852657
방배본동,24.25,28.22580645,29.08602151,23.75555556,23.89583333,27.06451613,28.29032258,22.68888889,28.6875,29.40860215,31.84946237,27.66666667,27.73852657
방이1동,24.8125,28.58064516,28.50537634,24.22222222,24.31944444,26.94265233,28.05017921,22.99259259,28.75694445,29.12544803,31.67383513,27.51111111,27.71175523
방이2동,24.8125,28.58064516,28.50537634,24.22222222,24.31944444,26.94265233,28.05017921,22.99259259,28.75694445,29.12544803,31.67383513,27.51111111,27.71175523
방학1동,24.125,27.91397849,29.46236559,23.33333333,24.5,27.21505376,28.19713262,22.28888889,28.85416667,29.11827957,31.59139785,27.53333333,27.67378724
방학2동,24.125,27.91397849,29.46236559,23.33333333,24.5,27.21505376,28.19713262,22.28888889,28.85416667,29.11827957,31.59139785,27.53333333,27.67378724
방학3동,24.125,27.91397849,29.46236559,23.33333333,24.5,27.21505376,28.19713262,22.28888889,28.85416667,29.11827957,31.59139785,27.53333333,27.67378724
방화1동,24.41666667,28.59139785,29.46236559,24.4,23.9375,26.83870968,28.22580645,23.44444444,28.1875,29.11827957,31.70967742,27.66666667,27.80117754
방화2동,24.41666667,28.59139785,29.46236559,24.4,23.9375,26.83870968,28.22580645,23.44444444,28.1875,29.11827957,31.70967742,27.66666667,27.80117754
방화3동,24.41666667,28.59139785,29.46236559,24.4,23.9375,26.83870968,28.22580645,23.44444444,28.1875,29.11827957,31.70967742,27.66666667,27.80117754
번1동,24.14583333,28,28.80645161,23.46666667,24.91666667,27.49462366,28.49462366,22.46666667,29.10416667,29.44086022,31.90322581,27.82222222,27.81582126
번2동,24.14583333,28,28.80645161,23.46666667,24.91666667,27.49462366,28.49462366,22.46666667,29.10416667,29.44086022,31.90322581,27.82222222,27.81582126
번3동,24.14583333,28,28.80645161,23.46666667,24.91666667,27.49462366,28.49462366,22.46666667,29.10416667,29.44086022,31.90322581,27.82222222,27.81582126
보광동,24.22916667,28.1827957,28.70967742,23.6,24.125,26.87096774,28.13978495,22.53333333,28.60416667,29.07526882,31.7311828,27.48888889,27.58227657
보라매동,24.25,28.24731183,28.44086022,23.84444444,24.15104167,26.97043011,28.1827957,22.74722223,28.60416667,29.39784946,32.02150538,27.91111111,27.69457654
보문동,24.27083333,28.15053763,28.46236559,23.46666667,24.5,27.08602151,27.89247312,22.51111111,28.58333333,29,31.48387097,27.2,27.50837862
부암동,24.35416667,27.8172043,28.46236559,23.26666667,23.83333333,26.5483871,27.89247312,22.26666667,28.45833333,29.03225806,31.37634409,27.31111111,27.34548611
북가좌1동,23.95833333,27.86021505,28.61290323,23.28888889,24.10416667,26.72043011,28.12365591,22.24444444,28.47916667,28.90322581,31.44086022,27.26666667,27.39719203
북가좌2동,23.95833333,27.86021505,28.61290323,23.28888889,24.10416667,26.72043011,28.12365591,22.24444444,28.47916667,28.90322581,31.44086022,27.26666667,27.39719203
북아현동,24.3125,28.31182796,28.34408602,24,24.0625,26.84946237,28.11827957,22.95555556,28.75,29.27956989,31.87096774,27.73333333,27.65655193
불광1동,23.85416667,27.78494624,28.74193548,23.13333333,24.4375,26.93548387,28.2311828,22.17777778,28.58333333,29.17204301,31.52688172,27.33333333,27.48897947
불광2동,23.85416667,27.78494624,28.74193548,23.13333333,24.4375,26.93548387,28.2311828,22.17777778,28.58333333,29.17204301,31.52688172,27.33333333,27.48897947
사근동,24.27083333,28.15053763,28.74193548,23.46666667,24.5,27.08602151,28.32258065,22.51111111,28.58333333,29,31.48387097,27.2,27.58808877
사당1동,24.25,28.22580645,28.58781362,23.75555556,23.89583333,27.06451613,28.23225806,22.68888889,28.6875,29.40860215,31.84946237,27.66666667,27.6760467
사당2동,24.25,28.22580645,28.58781362,23.75555556,23.89583333,27.06451613,28.23225806,22.68888889,28.6875,29.40860215,31.84946237,27.66666667,27.6760467
사당3동,24.25,28.22580645,28.58781362,23.75555556,23.89583333,27.06451613,28.23225806,22.68888889,28.6875,29.40860215,31.84946237,27.66666667,27.6760467
사당4동,24.25,28.22580645,28.58781362,23.75555556,23.89583333,27.06451613,28.23225806,22.68888889,28.6875,29.40860215,31.84946237,27.66666667,27.6760467
사당5동,24.25,28.22580645,28.58781362,23.75555556,23.89583333,27.06451613,28.23225806,22.68888889,28.6875,29.40860215,31.84946237,27.66666667,27.6760467
사직동,24.35416667,27.8172043,28.44086022,23.26666667,23.83333333,26.5483871,27.5483871,22.26666667,28.45833333,29.03225806,31.37634409,27.31111111,27.30442331
삼각산동,24.14583333,28,28.74193548,23.46666667,24.91666667,27.49462366,28.26344086,22.46666667,29.10416667,29.44086022,31.90322581,27.82222222,27.7826087
삼선동,24.35416667,27.8172043,28.96774194,23.26666667,23.83333333,26.5483871,28.68817204,22.26666667,28.45833333,29.03225806,31.37634409,27.31111111,27.49162138
삼성1동,24.63888889,28.48387097,28.78853046,23.94814815,24.39583333,27.25806452,28.4874552,22.90370371,28.8125,29.38351255,32.00716846,27.79259259,27.87696256
삼성2동,24.63888889,28.48387097,28.78853046,23.94814815,24.39583333,27.25806452,28.4874552,22.90370371,28.8125,29.38351255,32.00716846,27.79259259,27.87696256
삼성동,24.63888889,28.48387097,28.78853046,23.94814815,24.39583333,27.25806452,28.4874552,22.90370371,28.8125,29.38351255,32.00716846,27.79259259,27.87696256
삼양동,24.14583333,28,28.74193548,23.46666667,24.91666667,27.49462366,28.26344086,22.46666667,29.10416667,29.44086022,31.90322581,27.82222222,27.7826087
삼전동,24.83333333,28.56989247,28.50537634,24.13333333,24.64583333,27.31182796,28.22580645,23.11111111,28.6875,29.03225806,31.67741935,27.44444444,27.77475845
삼청동,24.35416667,27.8172043,28.50537634,23.26666667,23.83333333,26.5483871,28.22580645,22.26666667,28.45833333,29.03225806,31.37634409,27.31111111,27.38775664
상계10동,24.125,27.91397849,28.57228196,23.33333333,24.5,27.21505376,28.25,22.28888889,28.85416667,29.11827957,31.59139785,27.53333333,27.57975208
상계1동,24.125,27.91397849,28.57228196,23.33333333,24.5,27.21505376,28.25,22.28888889,28.85416667,29.11827957,31.59139785,27.53333333,27.57975208
상계2동,24.125,27.91397849,28.57228196,23.33333333,24.5,27.21505376,28.25,22.28888889,28.85416667,29.11827957,31.59139785,27.53333333,27.57975208
상계3·4동,24.125,27.91397849,28.57228196,23.33333333,24.5,27.21505376,28.25,22.28888889,28.85416667,29.11827957,31.59139785,27.53333333,27.57975208
상계5동,24.125,27.91397849,28.57228196,23.33333333,24.5,27.21505376,28.25,22.28888889,28.85416667,29.11827957,31.59139785,27.53333333,27.57975208
상계6·7동,24.125,27.91397849,28.57228196,23.33333333,24.5,27.21505376,28.25,22.28888889,28.85416667,29.11827957,31.59139785,27.53333333,27.57975208
상계8동,24.125,27.91397849,28.57228196,23.33333333,24.5,27.21505376,28.25,22.28888889,28.85416667,29.11827957,31.59139785,27.53333333,27.57975208
상계9동,24.125,27.91397849,28.57228196,23.33333333,24.5,27.21505376,28.25,22.28888889,28.85416667,29.11827957,31.59139785,27.53333333,27.57975208
상도1동,24.25,28.24731183,28.90322581,23.84444444,24.1875,26.95698925,28.01075269,22.75555556,28.60416667,29.39784946,32.02150538,27.91111111,27.7281099
상도2동,24.25,28.24731183,28.90322581,23.84444444,24.1875,26.95698925,28.01075269,22.75555556,28.60416667,29.39784946,32.02150538,27.91111111,27.7281099
상도3동,24.25,28.24731183,28.90322581,23.84444444,24.1875,26.95698925,28.01075269,22.75555556,28.60416667,29.39784946,32.02150538,27.91111111,27.7281099
상도4동,24.25,28.24731183,28.90322581,23.84444444,24.1875,26.95698925,28.01075269,22.75555556,28.60416667,29.39784946,32.02150538,27.91111111,27.7281099
상봉1동,24.70833333,28.39784946,29.17204301,23.88888889,24.25,26.67741935,27.86021505,22.82222222,28.25,28.53763441,31.03225806,26.82222222,27.47509058
상봉2동,24.70833333,28.39784946,29.17204301,23.88888889,24.25,26.67741935,27.86021505,22.82222222,28.25,28.53763441,31.03225806,26.82222222,27.47509058
상암동,24.5,28.52688172,28.88172043,24.13333333,24.14583333,26.84946237,28.12903226,23.17777778,28.35416667,28.95698925,31.64516129,27.48888889,27.67995169
상일동,24.79166667,28.37634409,28.88172043,23.75555556,24.10416667,26.62365591,28.12903226,22.68888889,28.16666667,28.44086022,30.91397849,26.71111111,27.4116093
서강동,24.3125,28.31182796,28.80645161,24,24.0625,26.84946237,28.32258065,22.95555556,28.75,29.27956989,31.87096774,27.73333333,27.73143116
서교동,24.3125,28.31182796,28.80645161,24,24.0625,26.84946237,28.17204301,22.95555556,28.75,29.27956989,31.87096774,27.73333333,27.71452295
서림동,24.25,28.24731183,28.62365591,23.84444444,24.11197917,26.90725807,28.31854839,22.69444445,28.60416667,29.39784946,32.02150538,27.91111111,27.7182688
서빙고동,24.22916667,28.1827957,28.96774194,23.6,24.125,26.87096774,28.68817204,22.53333333,28.60416667,29.07526882,31.7311828,27.48888889,27.67285628
서원동,24.25,28.24731183,28.62365591,23.84444444,24.11197917,26.90725807,28.31854839,22.69444445,28.60416667,29.39784946,32.02150538,27.91111111,27.7182688
서초1동,24.6875,28.50806452,28.8172043,23.93888889,24.34895833,27.32258065,28.53763441,22.90555556,28.859375,29.38440861,31.96236559,27.71666667,27.88896437
서초2동,24.6875,28.50806452,28.8172043,23.93888889,24.34895833,27.32258065,28.53763441,22.90555556,28.859375,29.38440861,31.96236559,27.71666667,27.88896437
서초3동,24.6875,28.50806452,28.8172043,23.93888889,24.34895833,27.32258065,28.53763441,22.90555556,28.859375,29.38440861,31.96236559,27.71666667,27.88896437
서초4동,24.6875,28.50806452,28.8172043,23.93888889,24.34895833,27.32258065,28.53763441,22.90555556,28.859375,29.38440861,31.96236559,27.71666667,27.88896437
석관동,24.14583333,28,29.08602151,23.46666667,24.91666667,27.49462366,27.98924731,22.46666667,29.10416667,29.44086022,31.90322581,27.82222222,27.79045894
석촌동,24.83333333,28.56989247,29.08602151,24.13333333,24.64583333,27.31182796,27.98924731,23.11111111,28.6875,29.03225806,31.67741935,27.44444444,27.8134058
성내1동,24.80555556,28.5125448,28.56272402,24.06666667,24.17361111,26.80286738,27.71326165,23.01481482,28.26388889,28.6702509,31.18637993,26.96296296,27.47899054
성내2동,24.80555556,28.5125448,28.56272402,24.06666667,24.17361111,26.80286738,27.71326165,23.01481482,28.26388889,28.6702509,31.18637993,26.96296296,27.47899054
성내3동,24.80555556,28.5125448,28.56272402,24.06666667,24.17361111,26.80286738,27.71326165,23.01481482,28.26388889,28.6702509,31.18637993,26.96296296,27.47899054
성북동,24.35416667,27.8172043,28.46236559,23.26666667,23.83333333,26.5483871,27.89247312,22.26666667,28.45833333,29.03225806,31.37634409,27.31111111,27.34548611
성산1동,23.95833333,27.86021505,28.44086022,23.28888889,24.10416667,26.72043011,28.51612903,22.24444444,28.47916667,28.90322581,31.44086022,27.26666667,27.42195048
성산2동,23.95833333,27.86021505,28.44086022,23.28888889,24.10416667,26.72043011,28.51612903,22.24444444,28.47916667,28.90322581,31.44086022,27.26666667,27.42195048
성수1가1동,24.35416667,27.89247312,28.56989248,23.37777778,24.47916667,27.1827957,28.46236559,22.35555556,28.83333333,29.43010753,32.05376344,27.77777778,27.71376812
성수1가2동,24.35416667,27.89247312,28.56989248,23.37777778,24.47916667,27.1827957,28.46236559,22.35555556,28.83333333,29.43010753,32.05376344,27.77777778,27.71376812
성수2가1동,24.35416667,27.89247312,28.56989248,23.37777778,24.47916667,27.1827957,28.46236559,22.35555556,28.83333333,29.43010753,32.05376344,27.77777778,27.71376812
성수2가3동,24.35416667,27.89247312,28.56989248,23.37777778,24.47916667,27.1827957,28.46236559,22.35555556,28.83333333,29.43010753,32.05376344,27.77777778,27.71376812
성현동,24.25,28.24731183,28.44086022,23.84444444,24.15104167,26.97043011,28.1827957,22.74722223,28.60416667,29.39784946,32.02150538,27.91111111,27.69457654
세곡동,24.83333333,28.56989247,28.44086022,24.13333333,24.64583333,27.31182796,28.51612903,23.11111111,28.6875,29.03225806,31.67741935,27.44444444,27.80012077
소공동,24.35416667,27.8172043,28.58064516,23.26666667,23.83333333,26.5483871,28.64516129,22.26666667,28.45833333,29.03225806,31.37634409,27.31111111,27.4433122
송정동,24.35416667,27.89247312,28.58064516,23.37777778,24.47916667,27.1827957,28.64516129,22.35555556,28.83333333,29.43010753,32.05376344,27.77777778,27.73550725
송중동,24.14583333,28,28.74193548,23.46666667,24.91666667,27.49462366,28.26344086,22.46666667,29.10416667,29.44086022,31.90322581,27.82222222,27.7826087
송천동,24.14583333,28,28.74193548,23.46666667,24.91666667,27.49462366,28.26344086,22.46666667,29.10416667,29.44086022,31.90322581,27.82222222,27.7826087
송파1동,24.14583333,28,28.74193548,23.46666667,24.91666667,27.49462366,28.26344086,22.46666667,29.10416667,29.44086022,31.90322581,27.82222222,27.7826087
송파2동,24.14583333,28,28.74193548,23.46666667,24.91666667,27.49462366,28.26344086,22.46666667,29.10416667,29.44086022,31.90322581,27.82222222,27.7826087
수궁동,24.20833333,28.30107527,28.97849462,24.11111111,23.79166667,26.83870968,28.49462366,23.11111111,28.08333333,28.92473118,31.6344086,27.57777778,27.65066425
수색동,24.5,28.52688172,28.24731183,24.13333333,24.14583333,26.84946237,27.5483871,23.17777778,28.35416667,28.95698925,31.64516129,27.48888889,27.54347826
수서동,24.83333333,28.56989247,28.58064516,24.13333333,24.64583333,27.31182796,28.13978495,23.11111111,28.6875,29.03225806,31.67741935,27.44444444,27.77355072
수유1동,24.02777778,27.86379928,28.57706093,23.2962963,22.3125,24.91397849,25.84946237,21.93333333,26.41666667,26.93548387,29.40860215,25.2,26.15144424
수유2동,24.02777778,27.86379928,28.57706093,23.2962963,22.3125,24.91397849,25.84946237,21.93333333,26.41666667,26.93548387,29.40860215,25.2,26.15144424
수유3동,24.02777778,27.86379928,28.57706093,23.2962963,22.3125,24.91397849,25.84946237,21.93333333,26.41666667,26.93548387,29.40860215,25.2,26.15144424
숭인1동,24.3125,27.98387097,28.3655914,23.36666667,24.16666667,26.81720431,27.86021505,22.38888889,28.52083333,29.01612903,31.43010753,27.25555556,27.41243962
숭인2동,24.3125,27.98387097,28.3655914,23.36666667,24.16666667,26.81720431,27.86021505,22.38888889,28.52083333,29.01612903,31.43010753,27.25555556,27.41243962
시흥1동,23.74166667,27.72688172,28.53548387,23.34666667,23.55,26.51827957,28.11612903,22.31111111,27.97916667,28.88172043,31.56989247,27.44444444,27.30940519
시흥2동,23.74166667,27.72688172,28.53548387,23.34666667,23.55,26.51827957,28.11612903,22.31111111,27.97916667,28.88172043,31.56989247,27.44444444,27.30940519
시흥3동,23.74166667,27.72688172,28.53548387,23.34666667,23.55,26.51827957,28.11612903,22.31111111,27.97916667,28.88172043,31.56989247,27.44444444,27.30940519
시흥4동,23.74166667,27.72688172,28.53548387,23.34666667,23.55,26.51827957,28.11612903,22.31111111,27.97916667,28.88172043,31.56989247,27.44444444,27.30940519
시흥5동,23.74166667,27.72688172,28.53548387,23.34666667,23.55,26.51827957,28.11612903,22.31111111,27.97916667,28.88172043,31.56989247,27.44444444,27.30940519
신길1동,24.25,28.24731183,28.92473118,23.84444444,24.1875,26.95698925,28.07526882,22.75555556,28.60416667,29.39784946,32.02150538,27.91111111,27.73777174
신길3동,24.25,28.24731183,28.92473118,23.84444444,24.1875,26.95698925,28.07526882,22.75555556,28.60416667,29.39784946,32.02150538,27.91111111,27.73777174
신길4동,24.25,28.24731183,28.92473118,23.84444444,24.1875,26.95698925,28.07526882,22.75555556,28.60416667,29.39784946,32.02150538,27.91111111,27.73777174
신길5동,24.25,28.24731183,28.92473118,23.84444444,24.1875,26.95698925,28.07526882,22.75555556,28.60416667,29.39784946,32.02150538,27.91111111,27.73777174
신길6동,24.25,28.24731183,28.92473118,23.84444444,24.1875,26.95698925,28.07526882,22.75555556,28.60416667,29.39784946,32.02150538,27.91111111,27.73777174
신길7동,24.25,28.24731183,28.92473118,23.84444444,24.1875,26.95698925,28.07526882,22.75555556,28.60416667,29.39784946,32.02150538,27.91111111,27.73777174
신내1동,24.54166667,28.32258065,28.57526882,23.66666667,24.04166667,26.64516129,27.84408602,22.64444444,28.22916667,28.40860215,30.91397849,26.71111111,27.31710447
신내2동,24.54166667,28.32258065,28.57526882,23.66666667,24.04166667,26.64516129,27.84408602,22.64444444,28.22916667,28.40860215,30.91397849,26.71111111,27.31710447
신당5동,24.3125,27.98387097,28.80645161,23.36666667,24.14166667,26.84946237,28.10107527,22.47555555,28.52083333,29.01612903,31.43010753,27.25555556,27.4959843
신당동,24.3125,27.98387097,28.80645161,23.36666667,24.14166667,26.84946237,28.10107527,22.47555555,28.52083333,29.01612903,31.43010753,27.25555556,27.4959843
신대방1동,24.25,28.24731183,28.86021505,23.84444444,24.1875,26.95698925,28.41935484,22.75555556,28.60416667,29.39784946,32.02150538,27.91111111,27.76917271
신대방2동,24.25,28.24731183,28.86021505,23.84444444,24.1875,26.95698925,28.41935484,22.75555556,28.60416667,29.39784946,32.02150538,27.91111111,27.76917271
신도림동,24.27083333,28.27956989,28.62365591,24.11111111,23.875,26.75268817,28.31182796,23.04444444,28.22916667,29.20430108,31.88172043,27.84444444,27.66410024
신림동,24.25,28.24731183,28.62365591,23.84444444,24.11197917,26.90725807,28.31854839,22.69444445,28.60416667,29.39784946,32.02150538,27.91111111,27.7182688
신사1동,23.95833333,27.86021505,28.46236559,23.28888889,24.10416667,26.72043011,27.89247312,22.24444444,28.47916667,28.90322581,31.44086022,27.26666667,27.35431763
신사2동,23.95833333,27.86021505,28.46236559,23.28888889,24.10416667,26.72043011,27.89247312,22.24444444,28.47916667,28.90322581,31.44086022,27.26666667,27.35431763
신수동,24.3125,28.31182796,28.88172043,24,24.0625,26.84946237,28.12903226,22.95555556,28.75,29.27956989,31.87096774,27.73333333,27.71814614
신원동,24.25,28.24731183,28.80645161,23.84444444,24.1875,26.95698925,28.32258065,22.75555556,28.60416667,29.39784946,32.02150538,27.91111111,27.75226449
신월1동,24.35416667,28.46697388,29.12288787,24.25079365,23.85714286,26.78955453,28.14592934,23.23492063,28.32738096,29.14900154,31.76036866,27.61904762,27.72147817
신월2동,24.35416667,28.46697388,29.12288787,24.25079365,23.85714286,26.78955453,28.14592934,23.23492063,28.32738096,29.14900154,31.76036866,27.61904762,27.72147817
신월3동,24.35416667,28.46697388,29.12288787,24.25079365,23.85714286,26.78955453,28.14592934,23.23492063,28.32738096,29.14900154,31.76036866,27.61904762,27.72147817
신월4동,24.35416667,28.46697388,29.12288787,24.25079365,23.85714286,26.78955453,28.14592934,23.23492063,28.32738096,29.14900154,31.76036866,27.61904762,27.72147817
신월5동,24.35416667,28.46697388,29.12288787,24.25079365,23.85714286,26.78955453,28.14592934,23.23492063,28.32738096,29.14900154,31.76036866,27.61904762,27.72147817
신월6동,24.35416667,28.46697388,29.12288787,24.25079365,23.85714286,26.78955453,28.14592934,23.23492063,28.32738096,29.14900154,31.76036866,27.61904762,27.72147817
신월7동,24.35416667,28.46697388,29.12288787,24.25079365,23.85714286,26.78955453,28.14592934,23.23492063,28.32738096,29.14900154,31.76036866,27.61904762,27.72147817
신정1동,24.42708333,28.46774193,29.06630824,24.24074074,23.90972223,26.77060932,28.09498208,23.22962963,28.38541667,29.08781362,31.77419355,27.6962963,27.71537842
신정2동,24.42708333,28.46774193,29.06630824,24.24074074,23.90972223,26.77060932,28.09498208,23.22962963,28.38541667,29.08781362,31.77419355,27.6962963,27.71537842
신정3동,24.42708333,28.46774193,29.06630824,24.24074074,23.90972223,26.77060932,28.09498208,23.22962963,28.38541667,29.08781362,31.77419355,27.6962963,27.71537842
신정4동,24.42708333,28.46774193,29.06630824,24.24074074,23.90972223,26.77060932,28.09498208,23.22962963,28.38541667,29.08781362,31.77419355,27.6962963,27.71537842
신정6동,24.42708333,28.46774193,29.06630824,24.24074074,23.90972223,26.77060932,28.09498208,23.22962963,28.38541667,29.08781362,31.77419355,27.6962963,27.71537842
신정7동,24.42708333,28.46774193,29.06630824,24.24074074,23.90972223,26.77060932,28.09498208,23.22962963,28.38541667,29.08781362,31.77419355,27.6962963,27.71537842
신촌동,24.3125,28.31182796,28.88172043,24,24.0625,26.84946237,28.12903226,22.95555556,28.75,29.27956989,31.87096774,27.73333333,27.71814614
쌍문1동,24.13541667,27.95698925,28.54301075,23.4,24.70833334,27.35483871,28.43548387,22.37777778,28.97916667,29.2795699,31.74731183,27.67777778,27.68844354
쌍문2동,24.13541667,27.95698925,28.54301075,23.4,24.70833334,27.35483871,28.43548387,22.37777778,28.97916667,29.2795699,31.74731183,27.67777778,27.68844354
쌍문3동,24.13541667,27.95698925,28.54301075,23.4,24.70833334,27.35483871,28.43548387,22.37777778,28.97916667,29.2795699,31.74731183,27.67777778,27.68844354
쌍문4동,24.13541667,27.95698925,28.54301075,23.4,24.70833334,27.35483871,28.43548387,22.37777778,28.97916667,29.2795699,31.74731183,27.67777778,27.68844354
아현동,24.3125,28.31182796,28.88172043,24,24.0625,26.84946237,28.12903226,22.95555556,28.75,29.27956989,31.87096774,27.73333333,27.71814614
안암동,24.27083333,28.15053763,28.70967742,23.46666667,24.5,27.08602151,28.13978495,22.51111111,28.58333333,29,31.48387097,27.2,27.56393418
암사1동,24.79861111,28.44444445,28.88530466,23.91111111,24.13888889,26.71326165,27.79569892,22.85185185,28.21527778,28.21527778,28.21527778,28.21527778,27.16779891
암사2동,24.79861111,28.44444445,28.88530466,23.91111111,24.13888889,26.71326165,27.79569892,22.85185185,28.21527778,28.21527778,28.21527778,28.21527778,27.16779891
암사3동,24.79861111,28.44444445,28.88530466,23.91111111,24.13888889,26.71326165,27.79569892,22.85185185,28.21527778,28.21527778,28.21527778,28.21527778,27.16779891
압구정동,24.35416667,27.89247312,28.44086022,23.37777778,24.47916667,27.1827957,28.51612903,22.35555556,28.83333333,29.43010753,32.05376344,27.77777778,27.70531401
약수동,24.35416667,27.89247312,28.44086022,23.37777778,24.47916667,27.1827957,28.11827957,22.35555556,28.83333333,29.43010753,32.05376344,27.77777778,27.66062802
양재1동,24.83333333,28.60215054,28.96774194,24,24.5,27.40860215,28.68817204,22.97777778,28.91666667,29.37634409,32,27.73333333,27.97373188
양재2동,24.83333333,28.60215054,28.96774194,24,24.5,27.40860215,28.68817204,22.97777778,28.91666667,29.37634409,32,27.73333333,27.97373188
양평1동,24.45833333,28.50537634,29.10752688,24.26666667,23.91666667,26.77419355,28.05376344,23.26666667,28.41666667,29.06451613,31.75268817,27.66666667,27.72056159
양평2동,24.45833333,28.50537634,29.10752688,24.26666667,23.91666667,26.77419355,28.05376344,23.26666667,28.41666667,29.06451613,31.75268817,27.66666667,27.72056159
여의동,24.3125,28.31182796,28.88172043,24,24.0625,26.84946237,28.12903226,22.95555556,28.75,29.27956989,31.87096774,27.73333333,27.71814614
역삼1동,24.83333333,28.60215054,28.96774194,24,24.5,27.40860215,28.68817204,22.97777778,28.91666667,29.37634409,32,27.73333333,27.97373188
역삼2동,24.83333333,28.60215054,28.96774194,24,24.5,27.40860215,28.68817204,22.97777778,28.91666667,29.37634409,32,27.73333333,27.97373188
역촌동,23.95833333,27.86021505,28.46236559,23.28888889,24.10416667,26.72043011,27.89247312,22.24444444,28.47916667,28.90322581,31.44086022,27.26666667,27.35431763
연남동,23.95833333,27.86021505,28.46236559,23.28888889,24.10416667,26.72043011,27.89247312,22.24444444,28.47916667,28.90322581,31.44086022,27.26666667,27.35431763
연희동,23.95833333,27.86021505,28.46236559,23.28888889,24.10416667,26.72043011,27.89247312,22.24444444,28.47916667,28.90322581,31.44086022,27.26666667,27.35431763
염리동,24.3125,28.31182796,28.88172043,24,24.0625,26.84946237,28.12903226,22.95555556,28.75,29.27956989,31.87096774,27.73333333,27.71814614
염창동,24.45833333,28.50537634,29.10752688,24.26666667,23.91666667,26.77419355,28.05376344,23.26666667,28.41666667,29.06451613,31.75268817,27.66666667,27.72056159
영등포동,24.3125,28.31182796,28.88172043,24,24.0625,26.84946237,28.12903226,22.95555556,28.75,29.27956989,31.87096774,27.73333333,27.71814614
영등포본동,24.3125,28.31182796,28.88172043,24,24.0625,26.84946237,28.12903226,22.95555556,28.75,29.27956989,31.87096774,27.73333333,27.71814614
오금동,24.83333333,28.56989247,28.97849462,24.13333333,24.64583333,27.31182796,28.49462366,23.11111111,28.6875,29.03225806,31.67741935,27.44444444,27.85809179
오류1동,24.23958333,28.29032258,28.87096774,24.11111111,23.83333334,26.79569893,28.23655914,23.07777778,28.15625,29.06451613,31.75806452,27.71111111,27.64651268
오류2동,24.23958333,28.29032258,28.87096774,24.11111111,23.83333334,26.79569893,28.23655914,23.07777778,28.15625,29.06451613,31.75806452,27.71111111,27.64651268
오륜동,24.8125,28.58064516,28.50537634,24.22222222,24.31944444,26.94265233,28.05017921,22.99259259,28.75694445,29.12544803,31.67383513,27.51111111,27.71175523
옥수동,24.22916667,28.1827957,28.80645161,23.6,24.125,26.87096774,28.17204301,22.53333333,28.60416667,29.07526882,31.7311828,27.48888889,27.59676932
왕십리2동,24.27083333,28.15053763,28.70967742,23.46666667,24.5,27.08602151,28.13978495,22.51111111,28.58333333,29,31.48387097,27.2,27.56393418
왕십리도선동,24.27083333,28.15053763,28.70967742,23.46666667,24.5,27.08602151,28.13978495,22.51111111,28.58333333,29,31.48387097,27.2,27.56393418
용강동,24.3125,28.31182796,28.88172043,24,24.0625,26.84946237,28.12903226,22.95555556,28.75,29.27956989,31.87096774,27.73333333,27.71814614
용답동,24.27083333,28.15053763,28.70967742,23.46666667,24.5,27.08602151,28.13978495,22.51111111,28.58333333,29,31.48387097,27.2,27.56393418
용문동,24.22916667,28.1827957,28.80645161,23.6,24.125,26.87096774,28.17204301,22.53333333,28.60416667,29.07526882,31.7311828,27.48888889,27.59676932
용산2가동,24.22916667,28.1827957,28.80645161,23.6,24.3125,26.97849463,28.15591398,22.52222222,28.60416667,29.07526882,31.7311828,27.48888889,27.61662138
용신동,24.27083333,28.15053763,28.70967742,23.46666667,24.5,27.08602151,28.13978495,22.51111111,28.58333333,29,31.48387097,27.2,27.56393418
우이동,23.79166667,27.59139785,28.24731183,22.95555556,22.3125,24.91397849,25.84946237,21.93333333,26.41666667,26.93548387,29.40860215,25.2,26.05246075
우장산동,24.45833333,28.50537634,29.10752688,24.26666667,23.90476191,26.77726575,28.07219662,23.26031746,28.41666667,29.06451613,31.75268817,27.66666667,27.72198499
원효로1동,24.27083334,28.24731183,28.84408602,23.8,24.0625,26.84946237,28.12903226,22.95555556,28.67708334,29.17741936,31.80107527,27.61111111,27.6636096
원효로2동,24.27083334,28.24731183,28.84408602,23.8,24.0625,26.84946237,28.12903226,22.95555556,28.67708334,29.17741936,31.80107527,27.61111111,27.6636096
월계1동,24.14583333,28,28.58064516,23.46666667,24.91666667,27.49462366,28.64516129,22.46666667,29.10416667,29.44086022,31.90322581,27.82222222,27.80736715
월계2동,24.14583333,28,28.58064516,23.46666667,24.91666667,27.49462366,28.64516129,22.46666667,29.10416667,29.44086022,31.90322581,27.82222222,27.80736715
월계3동,24.14583333,28,28.58064516,23.46666667,24.91666667,27.49462366,28.64516129,22.46666667,29.10416667,29.44086022,31.90322581,27.82222222,27.80736715
월곡1동,24.20833333,28.07526882,28.64516129,23.46666667,24.70833334,27.29032259,28.39247312,22.48888889,28.84375,29.22043011,31.69354839,27.51111111,27.68565067
월곡2동,24.20833333,28.07526882,28.64516129,23.46666667,24.70833334,27.29032259,28.39247312,22.48888889,28.84375,29.22043011,31.69354839,27.51111111,27.68565067
위례동,24.625,28.30107527,28.61290323,23.6,24.375,27.06451613,28.06451613,22.53333333,28.375,28.70967742,31.25806452,27.06666667,27.50347222
은천동,24.25,28.24731183,28.44086022,23.84444444,24.15104167,26.97043011,28.1827957,22.74722223,28.60416667,29.39784946,32.02150538,27.91111111,27.69457654
을지로동,24.35416667,27.8172043,28.44086022,23.26666667,23.83333333,26.5483871,27.5483871,22.26666667,28.45833333,29.03225806,31.37634409,27.31111111,27.30442331
응봉동,24.35416667,27.89247312,28.44086022,23.37777778,24.47916667,27.1827957,28.51612903,22.35555556,28.83333333,29.43010753,32.05376344,27.77777778,27.70531401
응암1동,23.95833333,27.86021505,28.46236559,23.28888889,24.10416667,26.72043011,27.89247312,22.24444444,28.47916667,28.90322581,31.44086022,27.26666667,27.35431763
응암2동,23.95833333,27.86021505,28.46236559,23.28888889,24.10416667,26.72043011,27.89247312,22.24444444,28.47916667,28.90322581,31.44086022,27.26666667,27.35431763
응암3동,23.95833333,27.86021505,28.46236559,23.28888889,24.10416667,26.72043011,27.89247312,22.24444444,28.47916667,28.90322581,31.44086022,27.26666667,27.35431763
이문1동,24.27083333,28.15053763,28.70967742,23.46666667,24.5,27.08602151,28.13978495,22.51111111,28.58333333,29,31.48387097,27.2,27.56393418
이문2동,24.27083333,28.15053763,28.70967742,23.46666667,24.5,27.08602151,28.13978495,22.51111111,28.58333333,29,31.48387097,27.2,27.56393418
이촌1동,24.27083334,28.24731183,28.84408602,23.8,24.09375,26.86021506,28.15053763,22.74444445,28.67708334,29.17741936,31.80107527,27.61111111,27.65745773
이촌2동,24.27083334,28.24731183,28.84408602,23.8,24.09375,26.86021506,28.15053763,22.74444445,28.67708334,29.17741936,31.80107527,27.61111111,27.65745773
이태원1동,24.22916667,28.1827957,28.80645161,23.6,24.125,26.87096774,28.17204301,22.53333333,28.60416667,29.07526882,31.7311828,27.48888889,27.59676932
이태원2동,24.22916667,28.1827957,28.80645161,23.6,24.125,26.87096774,28.17204301,22.53333333,28.60416667,29.07526882,31.7311828,27.48888889,27.59676932
이화동,24.35416667,27.8172043,28.44086022,23.26666667,23.83333333,26.5483871,27.5483871,22.26666667,28.45833333,29.03225806,31.37634409,27.31111111,27.30442331
인수동,24.02777778,27.86379928,28.57706093,23.2962963,22.3125,24.91397849,25.84946237,21.93333333,26.41666667,26.93548387,29.40860215,25.2,26.15144424
인헌동,24.25,28.23655914,28.62365592,23.8,24.0234375,27.01747312,28.25268818,22.71805556,28.64583334,29.40322581,31.93548388,27.78888889,27.70266267
일원1동,24.83333333,28.56989247,28.97849462,24.13333333,24.64583333,27.31182796,28.49462366,23.11111111,28.6875,29.03225806,31.67741935,27.44444444,27.85809179
일원2동,24.83333333,28.56989247,28.97849462,24.13333333,24.64583333,27.31182796,28.49462366,23.11111111,28.6875,29.03225806,31.67741935,27.44444444,27.85809179
일원본동,24.83333333,28.56989247,28.97849462,24.13333333,24.64583333,27.31182796,28.49462366,23.11111111,28.6875,29.03225806,31.67741935,27.44444444,27.85809179
자양1동,24.58333334,28.23655914,28.76344087,23.8,24.34375,27.03763441,28.25268817,22.76666667,28.57291667,29.10752689,31.68817204,27.43333334,27.67451691
자양2동,24.58333334,28.23655914,28.76344087,23.8,24.34375,27.03763441,28.25268817,22.76666667,28.57291667,29.10752689,31.68817204,27.43333334,27.67451691
자양3동,24.58333334,28.23655914,28.76344087,23.8,24.34375,27.03763441,28.25268817,22.76666667,28.57291667,29.10752689,31.68817204,27.43333334,27.67451691
자양4동,24.58333334,28.23655914,28.76344087,23.8,24.34375,27.03763441,28.25268817,22.76666667,28.57291667,29.10752689,31.68817204,27.43333334,27.67451691
잠실2동,24.82291667,28.57526882,29.03225807,24.17777778,24.42708333,27.10215054,28.24193548,23.14444445,28.5,28.90860215,31.5,27.26666667,27.7509058
잠실3동,24.82291667,28.57526882,29.03225807,24.17777778,24.42708333,27.10215054,28.24193548,23.14444445,28.5,28.90860215,31.5,27.26666667,27.7509058
잠실4동,24.82291667,28.57526882,29.03225807,24.17777778,24.42708333,27.10215054,28.24193548,23.14444445,28.5,28.90860215,31.5,27.26666667,27.7509058
잠실6동,24.82291667,28.57526882,29.03225807,24.17777778,24.42708333,27.10215054,28.24193548,23.14444445,28.5,28.90860215,31.5,27.26666667,27.7509058
잠실7동,24.82291667,28.57526882,29.03225807,24.17777778,24.42708333,27.10215054,28.24193548,23.14444445,28.5,28.90860215,31.5,27.26666667,27.7509058
잠실본동,24.82291667,28.57526882,29.03225807,24.17777778,24.42708333,27.10215054,28.24193548,23.14444445,28.5,28.90860215,31.5,27.26666667,27.7509058
잠원동,24.22916667,28.1827957,28.80645161,23.6,24.125,26.87096774,28.17204301,22.53333333,28.60416667,29.07526882,31.7311828,27.48888889,27.59676932
장안1동,24.27083333,28.15053763,28.70967742,23.46666667,24.5,27.08602151,28.13978495,22.51111111,28.58333333,29,31.48387097,27.2,27.56393418
장안2동,24.27083333,28.15053763,28.70967742,23.46666667,24.5,27.08602151,28.13978495,22.51111111,28.58333333,29,31.48387097,27.2,27.56393418
장위1동,24.14583333,28,28.58064516,23.46666667,24.91666667,27.49462366,28.64516129,22.46666667,29.10416667,29.44086022,31.90322581,27.82222222,27.80736715
장위2동,24.14583333,28,28.58064516,23.46666667,24.91666667,27.49462366,28.64516129,22.46666667,29.10416667,29.44086022,31.90322581,27.82222222,27.80736715
장위3동,24.14583333,28,28.58064516,23.46666667,24.91666667,27.49462366,28.64516129,22.46666667,29.10416667,29.44086022,31.90322581,27.82222222,27.80736715
장지동,24.625,28.30107527,28.61290323,23.6,24.375,27.06451613,28.06451613,22.53333333,28.375,28.70967742,31.25806452,27.06666667,27.50347222
장충동,24.35416667,27.8172043,28.44086022,23.26666667,23.83333333,26.5483871,27.5483871,22.26666667,28.45833333,29.03225806,31.37634409,27.31111111,27.30442331
전농1동,24.27083333,28.15053763,28.70967742,23.46666667,24.5,27.08602151,28.13978495,22.51111111,28.58333333,29,31.48387097,27.2,27.56393418
전농2동,24.27083333,28.15053763,28.70967742,23.46666667,24.5,27.08602151,28.13978495,22.51111111,28.58333333,29,31.48387097,27.2,27.56393418
정릉1동,24.07291667,27.70430108,28.34408603,23.11111112,23.07291667,25.7311828,26.69892473,22.1,27.4375,27.98387097,30.39247312,26.25555556,26.67844203
정릉2동,24.07291667,27.70430108,28.34408603,23.11111112,23.07291667,25.7311828,26.69892473,22.1,27.4375,27.98387097,30.39247312,26.25555556,26.67844203
정릉3동,24.07291667,27.70430108,28.34408603,23.11111112,23.07291667,25.7311828,26.69892473,22.1,27.4375,27.98387097,30.39247312,26.25555556,26.67844203
정릉4동,24.07291667,27.70430108,28.34408603,23.11111112,23.07291667,25.7311828,26.69892473,22.1,27.4375,27.98387097,30.39247312,26.25555556,26.67844203
제기동,24.27083333,28.15053763,28.70967742,23.46666667,24.5,27.08602151,28.13978495,22.51111111,28.58333333,29,31.48387097,27.2,27.56393418
조원동,24.25,28.24731183,28.62365591,23.84444444,24.11197917,26.90725807,28.31854839,22.69444445,28.60416667,29.39784946,32.02150538,27.91111111,27.7182688
종로1·2·3·4가동,24.35416667,27.8172043,28.44086022,23.26666667,23.83333333,26.5483871,27.5483871,22.26666667,28.45833333,29.03225806,31.37634409,27.31111111,27.30442331
종로5·6가동,24.35416667,27.8172043,28.44086022,23.26666667,23.83333333,26.5483871,27.5483871,22.26666667,28.45833333,29.03225806,31.37634409,27.31111111,27.30442331
종암동,24.27083333,28.15053763,28.70967742,23.46666667,24.5,27.08602151,28.13978495,22.51111111,28.58333333,29,31.48387097,27.2,27.56393418
중계1동,24.328125,28.04301075,28.6827957,23.45,23.98958334,26.56182796,27.59946237,22.43333333,28.25,28.37096774,30.83333333,26.64444444,27.20748415
중계2·3동,24.328125,28.04301075,28.6827957,23.45,23.98958334,26.56182796,27.59946237,22.43333333,28.25,28.37096774,30.83333333,26.64444444,27.20748415
중계4동,24.328125,28.04301075,28.6827957,23.45,23.98958334,26.56182796,27.59946237,22.43333333,28.25,28.37096774,30.83333333,26.64444444,27.20748415
중계본동,24.328125,28.04301075,28.6827957,23.45,23.98958334,26.56182796,27.59946237,22.43333333,28.25,28.37096774,30.83333333,26.64444444,27.20748415
중곡1동,24.70833333,28.39784946,29,23.88888889,24.25,26.67741935,27.69892473,22.82222222,28.25,28.53763441,31.03225806,26.82222222,27.43765096
중곡2동,24.70833333,28.39784946,29,23.88888889,24.25,26.67741935,27.69892473,22.82222222,28.25,28.53763441,31.03225806,26.82222222,27.43765096
중곡3동,24.70833333,28.39784946,29,23.88888889,24.25,26.67741935,27.69892473,22.82222222,28.25,28.53763441,31.03225806,26.82222222,27.43765096
중곡4동,24.70833333,28.39784946,29,23.88888889,24.25,26.67741935,27.69892473,22.82222222,28.25,28.53763441,31.03225806,26.82222222,27.43765096
중림동,24.22916667,28.1827957,28.80645161,23.6,24.125,26.87096774,28.17204301,22.53333333,28.60416667,29.07526882,31.7311828,27.48888889,27.59676932
중앙동,24.25,28.24731183,28.44086022,23.84444444,24.15104167,26.97043011,28.1827957,22.74722223,28.60416667,29.39784946,32.02150538,27.91111111,27.69457654
중화1동,24.70833333,28.39784946,29,23.88888889,24.25,26.67741935,27.69892473,22.82222222,28.25,28.53763441,31.03225806,26.82222222,27.43765096
중화2동,24.70833333,28.39784946,29,23.88888889,24.25,26.67741935,27.69892473,22.82222222,28.25,28.53763441,31.03225806,26.82222222,27.43765096
증산동,23.95833333,27.86021505,28.46236559,23.28888889,24.10416667,26.72043011,27.89247312,22.24444444,28.47916667,28.90322581,31.44086022,27.26666667,27.35431763
진관동,23.85416667,27.78494624,28.34408602,23.13333333,24.4375,26.93548387,28.11827957,22.17777778,28.58333333,29.17204301,31.52688172,27.33333333,27.43161232
창1동,24.1375,27.9655914,28.55053763,23.41333333,24.75,27.3827957,28.47741935,22.39555556,29.00416667,29.31182796,31.77849462,27.70666666,27.71222826
창2동,24.1375,27.9655914,28.55053763,23.41333333,24.75,27.3827957,28.47741935,22.39555556,29.00416667,29.31182796,31.77849462,27.70666666,27.71222826
창3동,24.1375,27.9655914,28.55053763,23.41333333,24.75,27.3827957,28.47741935,22.39555556,29.00416667,29.31182796,31.77849462,27.70666666,27.71222826
창4동,24.1375,27.9655914,28.55053763,23.41333333,24.75,27.3827957,28.47741935,22.39555556,29.00416667,29.31182796,31.77849462,27.70666666,27.71222826
창5동,24.1375,27.9655914,28.55053763,23.41333333,24.75,27.3827957,28.47741935,22.39555556,29.00416667,29.31182796,31.77849462,27.70666666,27.71222826
창신1동,24.32638889,27.92831541,28.53046595,23.33333334,24.05555555,26.72759857,27.74551971,22.34814815,28.58333333,29,31.48387097,27.2,27.39706622
창신2동,24.32638889,27.92831541,28.53046595,23.33333334,24.05555555,26.72759857,27.74551971,22.34814815,28.58333333,29,31.48387097,27.2,27.39706622
창신3동,24.32638889,27.92831541,28.53046595,23.33333334,24.05555555,26.72759857,27.74551971,22.34814815,28.58333333,29,31.48387097,27.2,27.39706622
천연동,24.35416667,27.8172043,28.44086022,23.26666667,23.83333333,26.5483871,27.5483871,22.26666667,28.45833333,29.03225806,31.37634409,27.31111111,27.30442331
천호1동,24.80555556,28.5125448,28.98566309,24.06666667,24.17361111,26.80286738,27.89247312,23.01481482,28.26388889,28.6702509,31.18637993,26.96296296,27.54662339
천호2동,24.80555556,28.5125448,28.98566309,24.06666667,24.17361111,26.80286738,27.89247312,23.01481482,28.26388889,28.6702509,31.18637993,26.96296296,27.54662339
천호3동,24.80555556,28.5125448,28.98566309,24.06666667,24.17361111,26.80286738,27.89247312,23.01481482,28.26388889,28.6702509,31.18637993,26.96296296,27.54662339
청구동,24.35416667,27.89247312,28.44086022,23.37777778,24.47916667,27.1827957,28.11827957,22.35555556,28.83333333,29.43010753,32.05376344,27.77777778,27.66062802
청담동,24.35416667,27.89247312,28.44086022,23.37777778,24.47916667,27.1827957,28.51612903,22.35555556,28.83333333,29.43010753,32.05376344,27.77777778,27.70531401
청량리동,24.27083333,28.15053763,28.70967742,23.46666667,24.5,27.08602151,28.13978495,22.51111111,28.58333333,29,31.48387097,27.2,27.56393418
청룡동,24.25,28.24731183,28.62365591,23.84444444,24.11197917,26.90725807,28.31854839,22.69444445,28.60416667,29.39784946,32.02150538,27.91111111,27.7182688
청림동,24.25,28.24731183,28.44086022,23.84444444,24.15104167,26.97043011,28.1827957,22.74722223,28.60416667,29.39784946,32.02150538,27.91111111,27.69457654
청운효자동,24.35416667,27.8172043,28.44086022,23.26666667,23.83333333,26.5483871,27.5483871,22.26666667,28.45833333,29.03225806,31.37634409,27.31111111,27.30442331
청파동,24.22916667,28.1827957,28.80645161,23.6,24.125,26.87096774,28.17204301,22.53333333,28.60416667,29.07526882,31.7311828,27.48888889,27.59676932
충현동,24.35416667,27.8172043,28.58064516,23.26666667,24.10416667,26.72043011,27.89247312,22.24444444,28.47916667,28.90322581,31.44086022,27.26666667,27.38307669
평창동,24.35416667,27.8172043,28.44086022,23.26666667,23.83333333,26.5483871,27.5483871,22.26666667,28.45833333,29.03225806,31.37634409,27.31111111,27.30442331
풍납1동,24.8125,28.58064516,29.08602151,24.22222222,24.20833333,26.89247312,27.98924731,23.17777778,28.3125,28.78494624,31.32258065,27.08888889,27.64371981
풍납2동,24.8125,28.58064516,29.08602151,24.22222222,24.20833333,26.89247312,27.98924731,23.17777778,28.3125,28.78494624,31.32258065,27.08888889,27.64371981
필동,24.35416667,27.8172043,28.44086022,23.26666667,23.83333333,26.5483871,27.5483871,22.26666667,28.45833333,29.03225806,31.37634409,27.31111111,27.30442331
하계1동,24.14583333,28,28.58064516,23.46666667,24.91666667,27.49462366,28.64516129,22.46666667,29.10416667,29.44086022,31.90322581,27.82222222,27.80736715
하계2동,24.14583333,28,28.58064516,23.46666667,24.91666667,27.49462366,28.64516129,22.46666667,29.10416667,29.44086022,31.90322581,27.82222222,27.80736715
한강로동,24.22916667,28.1827957,28.80645161,23.6,24.125,26.87096774,28.17204301,22.53333333,28.60416667,29.07526882,31.7311828,27.48888889,27.59676932
한남동,24.22916667,28.1827957,28.80645161,23.6,24.125,26.87096774,28.17204301,22.53333333,28.60416667,29.07526882,31.7311828,27.48888889,27.59676932
합정동,24.3125,28.31182796,28.88172043,24,24.0625,26.84946237,28.12903226,22.95555556,28.75,29.27956989,31.87096774,27.73333333,27.71814614
항동,24.23958333,28.29032258,28.87096774,24.11111111,24.10416667,26.72043011,27.89247312,22.24444444,28.15625,29.06451613,31.75806452,27.71111111,27.56884058
행당1동,24.35416667,27.89247312,28.44086022,23.37777778,24.47916667,27.1827957,28.51612903,22.35555556,28.83333333,29.43010753,32.05376344,27.77777778,27.70531401
행당2동,24.35416667,27.89247312,28.44086022,23.37777778,24.47916667,27.1827957,28.51612903,22.35555556,28.83333333,29.43010753,32.05376344,27.77777778,27.70531401
행운동,24.25,28.24731183,28.44086022,23.84444444,24.15104167,26.97043011,28.1827957,22.74722223,28.60416667,29.39784946,32.02150538,27.91111111,27.69457654
혜화동,24.35416667,27.8172043,28.44086022,23.26666667,23.83333333,26.5483871,27.5483871,22.26666667,28.45833333,29.03225806,31.37634409,27.31111111,27.30442331
홍은1동,23.95833333,27.86021505,28.46236559,23.28888889,24.10416667,26.72043011,27.89247312,22.24444444,28.47916667,28.90322581,31.44086022,27.26666667,27.35431763
홍은2동,23.95833333,27.86021505,28.46236559,23.28888889,24.10416667,26.72043011,27.89247312,22.24444444,28.47916667,28.90322581,31.44086022,27.26666667,27.35431763
홍제1동,23.95833333,27.86021505,28.46236559,23.28888889,24.10416667,26.72043011,27.89247312,22.24444444,28.47916667,28.90322581,31.44086022,27.26666667,27.35431763
홍제2동,23.95833333,27.86021505,28.46236559,23.28888889,24.10416667,26.72043011,27.89247312,22.24444444,28.47916667,28.90322581,31.44086022,27.26666667,27.35431763
홍제3동,23.95833333,27.86021505,28.46236559,23.28888889,24.10416667,26.72043011,27.89247312,22.24444444,28.47916667,28.90322581,31.44086022,27.26666667,27.35431763
화곡1동,24.45833333,28.50537634,29.10752688,24.26666667,23.90476191,26.77726575,28.07219662,23.26031746,28.41666667,29.06451613,31.75268817,27.66666667,27.72198499
화곡2동,24.45833333,28.50537634,29.10752688,24.26666667,23.90476191,26.77726575,28.07219662,23.26031746,28.41666667,29.06451613,31.75268817,27.66666667,27.72198499
화곡3동,24.45833333,28.50537634,29.10752688,24.26666667,23.90476191,26.77726575,28.07219662,23.26031746,28.41666667,29.06451613,31.75268817,27.66666667,27.72198499
화곡4동,24.45833333,28.50537634,29.10752688,24.26666667,23.90476191,26.77726575,28.07219662,23.26031746,28.41666667,29.06451613,31.75268817,27.66666667,27.72198499
화곡6동,24.45833333,28.50537634,29.10752688,24.26666667,23.90476191,26.77726575,28.07219662,23.26031746,28.41666667,29.06451613,31.75268817,27.66666667,27.72198499
화곡8동,24.45833333,28.50537634,29.10752688,24.26666667,23.90476191,26.77726575,28.07219662,23.26031746,28.41666667,29.06451613,31.75268817,27.66666667,27.72198499
화곡본동,24.45833333,28.50537634,29.10752688,24.26666667,23.90476191,26.77726575,28.07219662,23.26031746,28.41666667,29.06451613,31.75268817,27.66666667,27.72198499
화양동,24.35416667,27.89247312,28.44086022,23.37777778,24.47916667,27.1827957,28.51612903,22.35555556,28.83333333,29.43010753,32.05376344,27.77777778,27.70531401
황학동,24.27083333,28.15053763,28.70967742,23.46666667,24.5,27.08602151,28.13978495,22.51111111,28.58333333,29,31.48387097,27.2,27.56393418
회기동,24.27083333,28.15053763,28.70967742,23.46666667,24.5,27.08602151,28.13978495,22.51111111,28.58333333,29,31.48387097,27.2,27.56393418
회현동,24.22916667,28.1827957,28.80645161,23.6,24.125,26.87096774,28.17204301,22.53333333,28.60416667,29.07526882,31.7311828,27.48888889,27.59676932
효창동,24.22916667,28.1827957,28.80645161,23.6,24.125,26.87096774,28.17204301,22.53333333,28.60416667,29.07526882,31.7311828,27.48888889,27.59676932
후암동,24.22916667,28.1827957,28.80645161,23.6,24.125,26.87096774,28.17204301,22.53333333,28.60416667,29.07526882,31.7311828,27.48888889,27.59676932
휘경1동,24.27083333,28.15053763,28.70967742,23.46666667,24.5,27.08602151,28.13978495,22.51111111,28.58333333,29,31.48387097,27.2,27.56393418
휘경2동,24.27083333,28.15053763,28.70967742,23.46666667,24.5,27.08602151,28.13978495,22.51111111,28.58333333,29,31.48387097,27.2,27.56393418
흑석동,24.25,28.22580645,28.74193548,23.75555556,23.89583333,27.06451613,28.32258065,22.68888889,28.6875,29.40860215,31.84946237,27.66666667,27.70350242
