,지점,노인평균,어린이평균,체감온도점수,공시지가_log,폭염위험도점수,폭염위험도점수2,폭염위험도점수3,폭염위험도점수4,폭염위험도점수5,순위1,순위2,순위3,순위4,순위5
0,가락1동,27.10147444,27.85809179,122782.3701,15.58914545,5.201623216,6.113575695,7.025528173,7.937480652,30.76027226,352,333,320,307,355
1,가락2동,27.10147444,27.85809179,213562.892,15.58914545,6.051858504,7.814046269,9.576234035,11.3384218,31.61050755,272,193,152,132,294
2,가락본동,27.10147444,27.85809179,127199.7598,15.58914545,5.242995755,6.196320772,7.14964579,8.102970807,30.8016448,348,322,313,297,352
3,가리봉동,26.95731431,27.68946256,174361.0472,14.89156888,6.936892719,8.331922519,9.72695232,11.12198212,32.75592796,138,137,142,145,129
4,가산동,26.95972977,27.68946256,35571.88056,14.75660201,5.879290153,5.974443675,6.069597197,6.164750719,31.64534189,292,341,354,363,291
5,가양1동,26.96208233,27.7367653,27155.11613,14.98626975,5.388192627,5.404516132,5.420839636,5.437163141,31.2282995,336,364,382,389,328
6,가양2동,26.96208233,27.7367653,116471.9719,14.98626975,6.22471946,7.077569797,7.930420135,8.783270472,32.06482634,256,263,264,272,248
7,가양3동,26.96208233,27.7367653,217586.4024,14.98626975,7.171740418,8.971611714,10.77148301,12.57135431,33.01184729,108,85,77,76,93
8,가회동,26.60635568,27.30442331,61740.58824,15.40899866,4.953290416,5.293535707,5.633780998,5.974026288,30.68507501,368,371,373,372,358
9,갈현1동,26.6944067,27.43161232,155708.086,14.87580915,6.79048185,8.010811114,9.231140378,10.45146964,32.60467026,166,168,181,182,155
10,갈현2동,26.6944067,27.43161232,193230.4456,14.87580915,7.141910037,8.713667488,10.28542494,11.85718239,32.95609844,112,100,102,107,100
11,강남_신사동,26.95071685,27.67149759,62453.60636,16.49355729,3.013120018,3.360043318,3.706966618,4.053889918,25.76638898,419,418,418,416,420
12,강일동,26.78362772,27.52030495,93465.94662,13.51272285,8.65435476,9.291734487,9.929114214,10.56649394,33.11992614,11,62,125,173,77
13,개봉1동,26.96335296,27.70395531,176163.8977,14.75805121,7.193450227,8.605365225,10.01728022,11.42919522,32.96020357,103,111,122,129,98
14,개봉2동,26.96335296,27.70395531,288889.4963,14.75805121,8.249219456,10.71690368,13.18458791,15.65227214,34.0159728,21,17,16,15,16
15,개봉3동,26.96335296,27.70395531,185569.6928,14.75805121,7.281543341,8.781551454,10.28155957,11.78156768,33.04829668,90,97,104,112,89
16,개포1동,27.16776117,27.88137832,46056.81007,15.28408799,5.030620969,5.223974599,5.417328229,5.610681859,30.83354477,362,376,384,383,351
17,개포2동,27.16776117,27.88137832,56813.37662,15.28408799,5.131365184,5.425463029,5.719560875,6.01365872,30.93428899,357,363,368,369,343
18,개포4동,27.16776117,27.88137832,90826.96919,15.28408799,5.449930841,6.062594344,6.675257847,7.287921349,31.25285465,331,337,327,328,325
19,거여1동,26.78626962,27.51554952,166387.4527,15.20139307,6.30606018,7.626410619,8.946761058,10.2671115,32.13673658,240,209,196,189,231
20,거여2동,26.78626962,27.51554952,249850.512,15.20139307,7.087761328,9.189812914,11.2918645,13.39391609,32.91843773,116,67,50,45,106
21,고덕1동,26.73713013,27.49131944,108672.581,14.46489356,7.087573495,7.867376033,8.647178571,9.426981108,32.66143305,117,185,219,233,147
22,고덕2동,26.73713013,27.49131944,70458.50635,14.46489356,6.729666821,7.151562684,7.573458548,7.995354411,32.30352638,174,258,293,300,208
23,고척1동,26.96214523,27.68221618,138678.7087,14.75553324,6.846890082,7.907725027,8.968559972,10.02939492,32.61242262,159,181,193,202,154
24,고척2동,26.96214523,27.68221618,192934.2822,14.75553324,7.35503877,8.924022404,10.49300604,12.06198967,33.12057131,81,86,90,97,76
25,공덕동,26.92247886,27.6245471,215567.4974,15.47231555,6.280350047,8.061312614,9.84227518,11.62323775,31.96137891,244,164,132,121,259
26,공릉1동,26.80951842,27.57189765,167226.6071,14.66811646,7.271183357,8.599393176,9.927602994,11.25581281,32.98933183,93,113,126,136,96
27,공릉2동,26.80951842,27.57189765,35856.69594,14.66811646,6.040794593,6.138615649,6.236436704,6.33425776,31.75894306,273,331,347,355,278
28,공항동,26.9145154,27.69527476,15244.80031,14.75230269,5.696627628,5.601401093,5.506174558,5.410948023,31.46058174,310,356,376,390,310
29,관악_신사동,27.02781788,27.58069143,194155.0921,15.02141152,6.889205059,8.469622595,10.05004013,11.63045767,32.73344351,147,127,118,120,134
30,광장동,26.89877717,27.52173913,104654.0528,14.78319549,6.478565385,7.220731056,7.962896726,8.705062397,32.25704983,212,254,261,276,213
31,광희동,26.62567935,27.43606582,51484.87576,15.63519414,4.451202536,4.695394527,4.939586519,5.18377851,29.95057735,387,394,397,395,378
32,교남동,26.62205616,27.43606582,195832.6507,16.04287629,5.071325665,6.667454936,8.263584208,9.85971348,29.71512487,360,305,244,212,386
33,구로1동,26.95924668,27.67835145,123186.8889,14.86643315,6.502724209,7.418465344,8.334206478,9.249947613,32.31385479,209,231,237,240,203
34,구로2동,26.95924668,27.67835145,114387.8452,14.86643315,6.420313828,7.253644581,8.086975334,8.920306087,32.23144441,222,250,254,260,217
35,구로3동,26.95924668,27.67835145,134510.7272,14.86643315,6.608781398,7.630579721,8.652378044,9.674176367,32.41991198,191,208,218,221,182
36,구로4동,26.95924668,27.67835145,333894.2574,14.86643315,8.476174419,11.36536576,14.25455711,17.14374845,34.287305,16,7,6,6,7
37,구로5동,26.95924668,27.67835145,168577.8034,14.86643315,6.927847974,8.268712873,9.609577772,10.95044267,32.73897855,144,144,148,152,132
38,구산동,26.65757095,27.5004529,165399.9425,14.71175138,7.175747803,8.486849384,9.797950966,11.10905255,32.91874515,107,125,138,147,105
39,구의1동,26.86536333,27.66344606,195168.2972,15.14448368,6.677772576,8.267679622,9.857586669,11.44749372,32.51935573,184,145,130,127,168
40,구의2동,26.86536333,27.66344606,125141.3884,15.14448368,6.021912181,6.955958833,7.890005485,8.824052138,31.86349534,276,272,268,268,268
41,구의3동,26.86536333,27.66344606,163047.311,15.14448368,6.376932755,7.665999981,8.955067207,10.24413443,32.21851591,231,206,195,191,220
42,군자동,26.93017814,27.63043478,146329.5907,15.1152819,6.272776339,7.405268174,8.53776001,9.670251845,32.11750565,245,233,226,222,236
43,금호1가동,27.01210246,27.66062802,221595.1929,14.8327546,7.484855078,9.32227204,11.159689,12.99710596,33.28395047,67,60,55,56,59
44,금호2·3가동,27.01210246,27.66062802,224606.1462,15.11088069,7.013801987,8.879419038,10.74503609,12.61065314,32.85886566,122,88,82,73,112
45,금호4가동,27.01210246,27.66062802,114549.6626,15.14618914,5.919650432,6.754496739,7.589343047,8.424189355,31.76099942,287,291,292,290,277
46,길동,26.72889676,27.43576389,129493.7061,15.256334,5.86189717,6.836706907,7.811516644,8.786326381,31.67576688,297,282,280,271,289
47,길음1동,26.97597751,27.69229318,340851.0455,15.256334,7.841434899,10.79578236,13.75012983,16.70447729,33.65530461,35,15,8,7,27
48,길음2동,26.97597751,27.69229318,187703.177,15.256334,6.407077404,7.927067375,9.447057346,10.96704732,32.22094711,224,178,165,151,219
49,낙성대동,27.00225506,27.69457654,33106.95157,15.06181846,5.308322015,5.380389421,5.452456828,5.524524235,31.15470048,342,366,379,384,331
50,난곡동,27.01915384,27.7182688,194883.9827,15.02141152,6.896031726,8.48327593,10.07052013,11.65776434,32.74027018,146,126,115,119,130
51,난향동,27.01915384,27.7182688,141998.486,15.02141152,6.400714951,7.492642379,8.584569808,9.676497236,32.2449534,227,222,224,219,215
52,남가좌1동,26.64775815,27.42557367,232418.0553,15.05255535,7.191664546,9.130446639,11.06922873,13.00801083,33.03780462,104,73,61,54,91
53,남가좌2동,26.64775815,27.42557367,260321.7533,15.05255535,7.453005946,9.653129439,11.85325293,14.05337642,33.29914602,73,44,39,38,58
54,남영동,26.90919384,27.64387077,42356.94724,16.17358229,3.399272546,3.557973875,3.716675205,3.875376534,27.6156747,413,415,417,418,412
55,남현동,26.99860356,27.71074879,30093.49321,15.23029707,4.97766916,5.021513016,5.065356872,5.109200728,30.80029458,366,383,391,396,353
56,내곡동,27.15443841,27.84382548,11225.13457,13.75117181,7.456070664,7.323196608,7.190322552,7.057448496,32.24798752,72,236,311,338,214
57,노량진1동,26.98596015,27.76675725,131290.5353,15.36468824,5.684223556,6.675862097,7.667500637,8.659139178,31.44549059,313,303,287,279,312
58,노량진2동,26.98596015,27.76675725,133113.8672,15.36468824,5.70130058,6.710016144,7.718731708,8.727447273,31.46256761,307,296,286,274,309
59,녹번동,26.6948596,27.42195048,138821.0952,14.83851332,6.699269373,7.761437887,8.823606401,9.885774915,32.50053782,178,197,201,210,171
60,논현1동,27.07757775,27.80812198,81153.50804,16.07874657,3.932870539,4.454934011,4.976997484,5.499060956,28.467905,406,401,394,387,403
61,논현2동,27.07757775,27.80812198,81494.02265,16.07874657,3.936059742,4.461312418,4.986565094,5.51181777,28.4710942,405,400,393,386,402
62,능동,26.87703804,27.61835749,53165.08338,15.11720905,5.396753688,5.656682225,5.916610762,6.176539299,31.24132517,334,352,361,362,326
63,다산동,26.59790157,27.30442331,175395.7423,15.49557097,5.862363178,7.26708376,8.671804342,10.07652492,31.52208797,296,247,215,200,302
64,답십리1동,26.84518418,27.60318539,219634.995,14.94768784,7.260184055,9.079242129,10.8983002,12.71735828,33.09341327,95,80,73,65,80
65,답십리2동,26.84518418,27.60318539,233113.0695,14.94768784,7.386417462,9.331708942,11.27700042,13.2222919,33.21964668,78,58,51,50,64
66,당산1동,26.98711126,27.72599638,155739.9024,15.18156761,6.241924891,7.462552142,8.683179394,9.903806645,32.07713324,253,226,213,209,244
67,당산2동,26.98711126,27.72599638,127277.2317,15.18156761,5.975348246,6.929398852,7.883449458,8.837500065,31.8105566,282,275,269,266,273
68,대림1동,27.00345964,27.6944696,226119.8658,14.92403066,7.36338635,9.243180647,11.12297494,13.00276924,33.19122501,80,65,58,55,68
69,대림2동,27.00345964,27.6944696,193259.4904,14.92403066,7.055621532,8.627651012,10.19968049,11.77170997,32.88346019,120,108,107,113,109
70,대림3동,27.00345964,27.6944696,165809.3765,14.92403066,6.798528326,8.113464599,9.428400871,10.74333714,32.62636699,164,160,167,165,152
71,대방동,27.03608092,27.81144324,158677.9874,15.07279433,6.464697129,7.712841996,8.960986863,10.20913173,32.31116052,215,203,194,193,205
72,대조동,26.72278835,27.56567029,203145.4749,15.10451253,6.824236145,8.488856113,10.15347608,11.81809605,32.66971963,162,123,112,109,146
73,대치1동,27.23846367,27.92985105,238154.9383,16.19568506,5.193408188,7.185920974,9.178433761,11.17094655,29.32873104,353,255,183,142,390
74,대치2동,27.23846367,27.92985105,124581.457,16.19568506,4.12969783,5.058500259,5.987302687,6.916105115,28.26502069,399,382,358,339,407
75,대치4동,27.23846367,27.92985105,131827.3783,16.19568506,4.197561925,5.194228448,6.19089497,7.187561493,28.33288478,396,377,350,331,405
76,대학동,27.01915384,27.7182688,12285.97693,15.02141152,5.185849139,5.062910756,4.939972374,4.817033991,31.03008759,354,380,396,402,338
77,대흥동,26.94587862,27.7906099,88509.36936,15.46182803,5.109170467,5.700127714,6.291084962,6.88204221,30.79933067,358,350,343,340,354
78,도곡1동,27.24067784,27.89221015,143431.9272,15.8123126,4.994424976,6.099777776,7.205130577,8.310483377,30.2006223,365,335,309,292,369
79,도곡2동,27.24067784,27.89221015,244505.9373,15.8123126,5.941067363,7.99306255,10.04505774,12.09705292,31.14726469,284,171,119,95,332
80,도림동,27.00951087,27.7075785,133167.5715,14.70728464,6.881882838,7.891101387,8.900319937,9.909538486,32.62244433,150,184,199,207,153
81,도봉1동,26.86341334,27.61058273,20742.41539,14.36385229,6.44540937,6.401672584,6.357935799,6.314199014,31.93193511,219,313,341,357,262
82,도봉2동,26.86341334,27.61058273,260213.8089,14.36385229,8.688258658,10.88737116,13.08648367,15.28559617,34.1747844,9,14,17,19,12
83,도화동,26.90602355,27.64205918,230711.315,15.72080154,5.976137117,7.898934164,9.821731211,11.74452826,31.34730209,281,182,136,115,320
84,독산1동,26.80148891,27.49520683,109427.6641,14.78019134,6.52866687,7.315541391,8.102415912,8.889290433,32.30579404,203,237,253,264,206
85,독산2동,26.80148891,27.49520683,203662.3681,14.78019134,7.411253454,9.080714558,10.75017566,12.41963677,33.18838063,76,79,81,84,70
86,독산3동,26.80148891,27.49520683,170622.2315,14.78019134,7.101805023,8.461817696,9.821830368,11.18184304,32.8789322,115,128,135,140,110
87,독산4동,26.80148891,27.49520683,173508.0258,14.78019134,7.128832893,8.515873435,9.902913978,11.28995452,32.90596007,114,116,127,134,107
88,돈암1동,26.70946558,27.48248793,211869.0235,14.49242198,8.004679054,9.751002329,11.4973256,13.24364888,33.60064207,27,40,45,49,31
89,돈암2동,26.70946558,27.48248793,348088.9539,14.49242198,9.280492292,12.3026288,15.32476532,18.34690183,34.87645531,2,2,2,3,2
90,동선동,26.77151268,27.52287138,110156.711,15.33727561,5.535495002,6.329197655,7.122900308,7.916602961,31.31262218,323,316,314,308,323
91,동화동,26.80927687,27.4959843,279197.6406,15.06641413,7.604917024,9.981828942,12.35874086,14.73565278,33.45135725,54,31,27,27,39
92,둔촌1동,26.77539434,27.42851751,3031.753123,14.82031045,5.460164215,5.250552309,5.040940403,4.831328498,31.25440405,328,375,392,400,324
93,둔촌2동,26.77539434,27.42851751,168896.3608,14.82031045,7.013624575,8.35747303,9.701321485,11.04516994,32.80786441,123,133,143,149,121
94,등촌1동,26.95145179,27.69077093,166187.9867,15.07948527,6.523023898,7.841506171,9.159988444,10.47847072,32.369433,205,189,185,181,190
95,등촌2동,26.95145179,27.69077093,133949.2745,15.07948527,6.221081475,7.237621326,8.254161176,9.270701027,32.06749057,257,252,245,239,247
96,등촌3동,26.95145179,27.69077093,282428.6579,15.07948527,7.611714713,10.0188878,12.42606089,14.83323398,33.45812381,53,30,26,24,37
97,마장동,26.81016002,27.54461051,133700.58,15.02651373,6.313839353,7.328049972,8.342260591,9.356471211,32.15850414,237,235,235,235,228
98,마천1동,26.76573822,27.50588768,258923.522,15.00060863,7.533157847,9.720185737,11.90721363,14.09424152,33.37520044,61,41,38,36,48
99,마천2동,26.76573822,27.50588768,156295.4961,15.00060863,6.571960806,7.797791655,9.023622504,10.24945335,32.4140034,197,194,189,190,183
100,망우3동,26.76788949,27.47267512,124713.7888,14.6731546,6.863971612,7.794013437,8.724055263,9.654097088,32.58510765,155,195,209,225,163
101,망우본동,26.76788949,27.47267512,67476.71459,14.6731546,6.327898684,6.721867581,7.115836479,7.509805376,32.04903472,236,293,315,321,250
102,망원1동,26.85952597,27.68312198,109526.8673,15.41880421,5.383247215,6.171050857,6.958854499,7.746658141,31.10784779,337,327,322,315,333
103,망원2동,26.85952597,27.68312198,182598.6029,15.41880421,6.067624951,7.539806329,9.011987707,10.48416909,31.79222553,271,213,191,180,275
104,면목2동,26.67086856,27.42034018,206066.19,14.80422695,7.390621866,9.082596766,10.77457167,12.46654657,33.1782662,77,78,76,80,72
105,면목3·8동,26.67086856,27.42034018,100912.6023,14.80422695,6.405770832,7.112894699,7.820018566,8.527142433,32.19341517,226,261,279,285,225
106,면목4동,26.67086856,27.42034018,150217.5234,14.80422695,6.867552532,8.036458099,9.205363666,10.37426923,32.65519687,153,166,182,184,148
107,면목5동,26.67086856,27.42034018,119065.4908,14.80422695,6.57578777,7.452928574,8.330069379,9.207210183,32.36343211,196,227,238,247,192
108,면목7동,26.67086856,27.42034018,120193.3757,14.80422695,6.586351353,7.47405574,8.361760127,9.249464515,32.37399569,195,225,232,241,189
109,면목본동,26.67086856,27.42034018,247505.8008,14.80422695,7.778738376,9.858829787,11.9389212,14.01901261,33.56638271,37,36,36,39,32
110,명동,26.5375151,27.35997887,25412.23825,17.97885354,0,0,0,0,0,425,425,425,425,425
111,명일1동,26.69067029,27.42851751,273757.773,15.29859062,7.137197274,9.463160295,11.78912332,14.11508634,32.93372412,113,47,40,35,102
112,명일2동,26.69067029,27.42851751,126135.6506,15.29859062,5.754593,6.697951747,7.641310494,8.584669241,31.55111985,303,299,288,282,297
113,목1동,26.93945501,27.67949879,155663.4093,14.82485278,6.88153318,8.101444009,9.321354839,10.54126567,32.67757058,151,163,172,176,145
114,목2동,26.93945501,27.67949879,162275.5527,14.82485278,6.943461417,8.225300484,9.50713955,10.78897862,32.73949882,136,149,159,160,131
115,목3동,26.93945501,27.67949879,232328.7988,14.82485278,7.599568481,9.537514612,11.47546074,13.41340687,33.39560588,56,45,46,44,44
116,목4동,26.93945501,27.67949879,269700.2357,14.82485278,7.949583151,10.23754395,12.52550475,14.81346555,33.74562055,29,26,25,25,24
117,목5동,26.93945501,27.67949879,164116.8037,14.82485278,6.960706268,8.259790185,9.558874103,10.85795802,32.75674367,132,147,154,154,128
118,무악동,26.53691123,27.36239432,177776.0566,15.15718162,6.492086172,7.919100382,9.346114593,10.7731288,32.33179046,210,180,171,163,200
119,묵1동,26.72938557,27.40004529,195470.1219,14.82485278,7.254356237,8.847090123,10.43982401,12.0325579,33.05039364,97,89,93,98,88
120,묵2동,26.72938557,27.40004529,186492.6046,14.82485278,7.170274302,8.678926253,10.1875782,11.69623016,32.9663117,109,103,108,117,97
121,문래동,26.95433273,27.7700785,147786.5111,15.08248577,6.345292652,7.491429762,8.637566871,9.783703981,32.19165113,233,223,221,215,226
122,문정1동,27.14092693,27.82487923,208441.9915,15.44760921,6.257963118,7.97218938,9.686415643,11.40064191,31.96003823,248,174,145,130,260
123,문정2동,27.14092693,27.82487923,66791.7838,15.44760921,4.931290805,5.318844754,5.706398703,6.093952652,30.63336591,369,368,369,366,361
124,미성동,27.01915384,27.7182688,154836.9355,15.02141152,6.520957736,7.733127949,8.945298162,10.15746838,32.36519618,206,202,197,195,191
125,미아동,27.06510417,27.7826087,162094.2684,14.80365189,6.979820434,8.259961622,9.540102809,10.820244,32.76722233,128,146,156,157,127
126,반포1동,26.98531854,27.74384058,206342.2366,15.98254418,5.278056502,6.972616809,8.667177115,10.36173742,30.09114281,345,269,216,185,374
127,반포2동,26.98531854,27.74384058,98761.07027,15.98254418,4.270469171,4.957442146,5.644415122,6.331388097,29.08355548,392,388,372,356,396
128,반포3동,26.98531854,27.74384058,121558.091,15.98254418,4.48398228,5.384468363,6.284954447,7.185440531,29.29706859,386,365,344,332,392
129,반포4동,26.98531854,27.74384058,95582.3793,15.98254418,4.240698079,4.897899963,5.555101847,6.212303731,29.05378439,393,389,374,361,397
130,반포본동,26.98531854,27.74384058,85892.67793,15.98254418,4.149945946,4.716395697,5.282845447,5.849295198,28.96303226,398,392,386,376,399
131,발산1동,26.97286383,27.74622584,87260.38093,15.20224122,5.563446693,6.142706123,6.721965552,7.301224982,31.39391141,319,329,326,327,314
132,방배1동,26.9787968,27.73852657,157376.084,15.63956937,5.435108197,6.671059654,7.90701111,9.142962567,30.92850807,333,304,267,250,345
133,방배2동,26.9787968,27.73852657,69062.83066,15.63956937,4.607980937,5.016805134,5.425629331,5.834453528,30.10138081,381,384,381,377,373
134,방배3동,26.9787968,27.73852657,60109.67755,15.63956937,4.524127193,4.849097645,5.174068097,5.499038549,30.01752707,384,390,389,388,376
135,방배4동,26.9787968,27.73852657,159869.1687,15.63956937,5.458458014,6.717759288,7.977060561,9.236361835,30.95185789,329,295,259,244,342
136,방배본동,26.9787968,27.73852657,220087.0504,15.63956937,6.02244869,7.845740639,9.669032588,11.49232454,31.51584856,274,187,146,126,303
137,방이1동,27.03352707,27.71175523,195453.858,15.6065147,5.851073445,7.443655007,9.036236569,10.62881813,31.38813088,299,228,188,169,315
138,방이2동,27.03352707,27.71175523,153269.8799,15.6065147,5.455985314,6.653478745,7.850972176,9.048465606,30.99304275,330,307,275,253,341
139,방학1동,26.83362268,27.67378724,297545.52,14.60285858,8.608870504,11.15762561,13.70638072,16.25513583,34.28562568,15,10,10,10,9
140,방학2동,26.83362268,27.67378724,200565.8507,14.60285858,7.700575031,9.341034667,10.9814943,12.62195394,33.37733021,48,57,67,71,47
141,방학3동,26.83362268,27.67378724,76671.37488,14.60285858,6.540199954,7.020284512,7.50036907,7.980453628,32.21695513,201,265,296,301,221
142,방화1동,27.00579962,27.80117754,209280.2546,14.64781136,7.701499731,9.423577027,11.14565432,12.86773162,33.40730049,47,52,57,61,42
143,방화2동,27.00579962,27.80117754,25680.14202,14.64781136,5.981931578,5.98444072,5.986949862,5.989459005,31.68773234,279,339,359,371,287
144,방화3동,27.00579962,27.80117754,68662.32989,14.64781136,6.384495609,6.789568782,7.194641955,7.599715128,32.09029637,229,285,310,318,242
145,번1동,27.03729871,27.81582126,181439.6147,14.57521402,7.571065529,9.032392016,10.4937185,11.95504499,33.22882475,59,83,89,103,61
146,번2동,27.03729871,27.81582126,138156.8356,14.57521402,7.165686211,8.22163338,9.277580549,10.33352772,32.82344543,110,151,176,186,116
147,번3동,27.03729871,27.81582126,143125.0717,14.57521402,7.212217884,8.314696727,9.417175569,10.51965441,32.8699771,100,139,168,178,111
148,보광동,26.8500151,27.58227657,132014.7408,15.64694318,5.18434163,6.18276296,7.181184289,8.179605618,30.66753426,355,325,312,295,359
149,보라매동,27.00225506,27.69457654,206340.3322,15.06181846,6.930797078,8.625339549,10.31988202,12.01442449,32.77717555,143,109,100,99,126
150,보문동,26.82102959,27.50837862,160315.2284,15.18936456,6.27078064,7.534259634,8.797738629,10.06121762,32.10430149,247,215,205,201,237
151,부암동,26.59548611,27.34548611,31170.98782,14.14127771,6.942616501,6.996551993,7.050487484,7.104422976,32.20610338,137,267,319,337,222
152,북가좌1동,26.67372434,27.39719203,232830.1781,14.87454678,7.515060588,9.457702555,11.40034452,13.34298649,33.32884482,63,50,48,47,55
153,북가좌2동,26.67372434,27.39719203,265783.913,14.87454678,7.823699795,10.07498097,12.32626214,14.57754331,33.63748403,36,29,28,29,28
154,북아현동,26.93380133,27.65655193,210735.9403,15.26982596,6.59857956,8.334290566,10.07000157,11.80571258,32.40733879,194,136,116,110,185
155,불광1동,26.71735356,27.48897947,87754.92892,14.85511128,6.191197807,6.775089091,7.358980375,7.942871659,31.99846475,261,287,301,305,255
156,불광2동,26.71735356,27.48897947,141011.1028,14.85511128,6.689986284,7.772666045,8.855345805,9.938025566,32.49725323,180,196,200,205,172
157,사근동,26.8790006,27.58808877,47766.23689,14.64692519,6.190376997,6.399740835,6.609104672,6.81846851,31.89562777,263,314,331,344,265
158,사당1동,26.99328955,27.6760467,154185.0724,15.14395748,6.294875061,7.500940032,8.707005004,9.913069975,32.13652933,241,220,212,206,232
159,사당2동,26.99328955,27.6760467,68273.5729,15.14395748,5.490242229,5.891674369,6.293106508,6.694538648,31.3318965,327,344,342,347,322
160,사당3동,26.99328955,27.6760467,189361.3295,15.14395748,6.624330041,8.159849992,9.695369944,11.2308899,32.46598431,187,155,144,137,175
161,사당4동,26.99328955,27.6760467,236068.7852,15.14395748,7.061784312,9.034758535,11.00773276,12.98070698,32.90343858,119,82,63,58,108
162,사당5동,26.99328955,27.6760467,155966.5333,15.14395748,6.311559927,7.534309765,8.757059603,9.979809441,32.1532142,239,214,208,204,230
163,사직동,26.60877114,27.30442331,55786.37133,14.98401373,5.660397899,5.944876984,6.229356068,6.513835152,31.50016924,315,342,348,352,306
164,삼각산동,27.06510417,27.7826087,367318.1709,14.80365189,8.901913411,12.10414758,15.30638174,18.50861591,34.68931531,5,3,3,2,3
165,삼선동,26.62205616,27.49162138,160774.0706,15.07530604,6.479820026,7.747596461,9.015372895,10.28314933,32.3262725,211,199,190,188,201
166,삼성1동,27.16482991,27.87696256,44354.35134,16.34333143,3.113269905,3.29067859,3.468087274,3.645495958,26.63475074,418,420,420,420,417
167,삼성2동,27.16482991,27.87696256,149553.123,16.34333143,4.098544124,5.261227026,6.423909929,7.586592832,27.62002496,400,374,338,319,411
168,삼성동,27.16482991,27.87696256,70881.8536,16.34333143,3.361722084,3.787582948,4.213443811,4.639304675,26.88320292,414,412,410,406,415
169,삼양동,27.06510417,27.7826087,193219.3154,14.80365189,7.271332453,8.84298566,10.41463887,11.98629207,33.05873435,92,90,97,100,84
170,삼전동,27.10711051,27.77475845,165968.7194,15.61317816,5.562959217,6.879387869,8.195816521,9.512245173,31.09148883,320,279,248,229,334
171,삼청동,26.61360205,27.38775664,15917.03653,15.45871139,4.434877294,4.345946812,4.25701633,4.168085848,30.12769475,388,404,408,414,372
172,상계10동,26.83291817,27.57975208,126434.7792,14.74314037,6.75446142,7.700621756,8.646782092,9.592942427,32.51386497,169,204,220,228,169
173,상계1동,26.83291817,27.57975208,46703.31873,14.74314037,6.007709807,6.20711853,6.406527253,6.605935976,31.76711336,278,321,340,349,276
174,상계2동,26.83291817,27.57975208,205721.094,14.74314037,7.497043873,9.185786661,10.87452945,12.56327224,33.25644742,65,69,74,77,60
175,상계3·4동,26.83291817,27.57975208,37659.25803,14.74314037,5.923004637,6.03770819,6.152411743,6.267115295,31.68240819,286,338,351,359,288
176,상계5동,26.83291817,27.57975208,400218.7947,14.74314037,9.318677026,12.82905297,16.33942891,19.84980485,35.07808058,1,1,1,1,1
177,상계6·7동,26.83291817,27.57975208,189635.2264,14.74314037,7.34638631,8.884471535,10.42255676,11.96064199,33.10578986,83,87,96,101,78
178,상계8동,26.83291817,27.57975208,201556.5085,14.74314037,7.458039058,9.10777703,10.757515,12.40725298,33.21744261,71,75,79,86,65
179,상계9동,26.83291817,27.57975208,169701.1518,14.74314037,7.159687079,8.511073072,9.862459066,11.21384506,32.91909063,111,118,128,138,104
180,상도1동,27.04181763,27.7281099,182851.5636,14.95587471,6.900980624,8.375531191,9.850081757,11.32463232,32.73586965,145,132,131,133,133
181,상도2동,27.04181763,27.7281099,181480.3825,14.95587471,6.88813837,8.349846682,9.811554994,11.27326331,32.7230274,148,135,137,135,137
182,상도3동,27.04181763,27.7281099,257869.2449,14.95587471,7.603583764,9.780737471,11.95789118,14.13504488,33.43847279,55,38,35,34,40
183,상도4동,27.04181763,27.7281099,244798.5215,14.95587471,7.481165541,9.535901023,11.59063651,13.64537199,33.31605457,68,46,43,41,56
184,상봉1동,26.72380737,27.47509058,171277.5318,14.97511074,6.758050336,8.124200442,9.490350549,10.85650066,32.59641604,168,159,161,155,158
185,상봉2동,26.72380737,27.47509058,150528.4411,14.97511074,6.563717799,7.73553537,8.907352941,10.07917051,32.4020835,199,201,198,199,187
186,상암동,26.95150211,27.67995169,25669.41247,14.8058709,5.698104639,5.70051329,5.702921941,5.705330593,31.48643953,309,349,370,379,308
187,상일동,26.71047705,27.4116093,80946.07214,14.71205885,6.384214955,6.904335618,7.42445628,7.944576943,32.12737906,230,278,297,304,234
188,서강동,26.95674819,27.73143116,94520.61219,15.43968678,5.205215643,5.852473193,6.499730742,7.146988291,30.91369971,351,347,335,336,347
189,서교동,26.92413949,27.71452295,72763.89126,15.95431304,4.077660502,4.521148218,4.964635934,5.408123649,28.96432011,401,398,395,391,398
190,서림동,27.01915384,27.7182688,122445.28,15.02141152,6.217582871,7.12637822,8.035173569,8.943968918,32.06182132,258,259,258,258,249
191,서빙고동,26.89711655,27.67285628,32582.48844,15.18282528,5.086195409,5.153350781,5.220506153,5.287661525,30.92113983,359,378,387,394,346
192,서원동,27.01915384,27.7182688,165270.1515,15.02141152,6.618673503,7.928559484,9.238445465,10.54833145,32.46291195,188,177,180,174,176
193,서초1동,27.17819671,27.88896437,94038.91311,16.14941454,3.926699827,4.569445863,5.212191899,5.854937935,28.22873709,407,397,388,375,408
194,서초2동,27.17819671,27.88896437,101743.8311,16.14941454,3.998862809,4.713771827,5.428680845,6.143589863,28.30090007,403,393,380,365,406
195,서초3동,27.17819671,27.88896437,63321.92507,16.14941454,3.63900962,3.994065449,4.349121278,4.704177107,27.94104688,410,408,405,405,410
196,서초4동,27.17819671,27.88896437,263685.3417,16.14941454,5.515580095,7.747206398,9.9788327,12.210459,29.81761736,325,200,123,91,383
197,석관동,26.99928291,27.79045894,141896.4265,14.70695607,6.964225652,8.055197207,9.146168763,10.23714032,32.70460698,131,165,186,192,142
198,석촌동,27.07208635,27.8134058,174741.7385,15.65527931,5.569551734,6.968147025,8.366742316,9.765337607,31.04099601,318,270,231,217,337
199,성내1동,26.80158636,27.47899054,215850.17,15.29112918,6.608238019,8.391848051,10.17545808,11.95906811,32.40811477,192,130,109,102,184
200,성내2동,26.80158636,27.47899054,215595.1809,15.29112918,6.605849833,8.387071679,10.16829352,11.94951537,32.40572658,193,131,110,104,186
201,성내3동,26.80158636,27.47899054,193311.3704,15.29112918,6.397143366,7.969658745,9.542174124,11.1146895,32.19702012,228,175,155,146,223
202,성북동,26.57133152,27.34548611,38206.94706,14.98262627,5.498242511,5.618075628,5.737908745,5.857741862,31.33780334,326,354,366,374,321
203,성산1동,26.69365187,27.42195048,142436.8784,15.14111983,6.189937196,7.285970535,8.382003874,9.478037213,32.03196577,264,241,230,232,252
204,성산2동,26.69365187,27.42195048,120000.2985,15.14111983,5.979799916,6.865695975,7.751592033,8.637488091,31.82182849,280,280,283,281,272
205,성수1가1동,27.00415157,27.71376812,44085.94517,15.40726994,4.791043119,4.965937955,5.140832792,5.315727629,30.52406911,375,387,390,393,363
206,성수1가2동,27.00415157,27.71376812,84251.68547,15.40726994,5.16722877,5.718309257,6.269389745,6.820470233,30.90025476,356,348,345,343,348
207,성수2가1동,27.00415157,27.71376812,86052.36701,15.52249086,4.977265127,5.545210499,6.113155871,6.681101243,30.61047412,367,359,352,348,362
208,성수2가3동,27.00415157,27.71376812,63393.6858,15.52249086,4.765047684,5.120775611,5.476503539,5.832231467,30.39825668,377,379,378,378,368
209,성현동,27.00225506,27.69457654,320258.5876,15.06181846,7.997736534,10.75921846,13.52070038,16.28218231,33.844115,28,16,12,9,19
210,세곡동,27.14213466,27.80012077,51215.88981,14.25064259,6.934037129,7.175709843,7.417382557,7.65905527,32.3120178,140,257,298,317,204
211,소공동,26.64621075,27.4433122,16315.19808,16.98361358,1.701314634,1.616113267,1.5309119,1.445710533,20.62870549,423,424,424,424,423
212,송정동,26.99962259,27.73550725,82679.70744,14.8338139,6.181894205,6.718251808,7.254609411,7.790967013,31.98139285,265,294,304,314,257
213,송중동,27.06510417,27.7826087,211364.8885,14.80365189,7.441280876,9.182882506,10.92448414,12.66608577,33.22868278,74,70,70,69,62
214,송천동,27.06510417,27.7826087,225999.0086,14.80365189,7.578341614,9.457003981,11.33566635,13.21432872,33.36574351,58,51,49,51,51
215,송파1동,27.08657911,27.7826087,159372.6731,15.64493256,5.44418067,6.698831848,7.953483025,9.208134203,30.93017367,332,297,263,246,344
216,송파2동,27.08657911,27.7826087,245439.6319,15.64493256,6.250269509,8.311009525,10.37174954,12.43248956,31.73626251,252,140,99,83,280
217,수궁동,26.89466335,27.65066425,61139.95267,14.30193467,6.934911876,7.269531713,7.604151551,7.938771389,32.36339645,139,246,290,306,193
218,수색동,26.91889342,27.54347826,55576.37015,14.84842885,5.901814136,6.184326384,6.466838632,6.74935088,31.70671358,291,323,336,345,285
219,수서동,27.09261775,27.77355072,92776.83977,14.72156397,6.477957687,7.108883354,7.73980902,8.370734687,32.22621825,214,262,285,291,218
220,수유1동,25.65313674,26.15144424,86812.16414,14.56444815,6.704125948,7.279187453,7.854248959,8.429310464,32.35426019,176,244,274,289,194
221,수유2동,25.65313674,26.15144424,267762.1702,14.56444815,8.398873643,10.66868284,12.93849205,15.20830125,34.04900788,18,19,19,20,15
222,수유3동,25.65313674,26.15144424,195812.9574,14.56444815,7.725009269,9.320954097,10.91689892,12.51284375,33.37514351,45,61,72,78,49
223,숭인1동,26.71308877,27.41243962,184375.7352,15.12116,6.618558657,8.107384361,9.596210064,11.08503577,32.46278472,189,161,150,148,177
224,숭인2동,26.71308877,27.41243962,151751.5668,15.12116,6.313006117,7.496279279,8.679552442,9.862825605,32.15723218,238,221,214,211,229
225,시흥1동,26.57757397,27.30940519,129188.9078,14.70091559,6.856052163,7.82800721,8.799962256,9.771917302,32.59309741,158,192,204,216,160
226,시흥2동,26.57757397,27.30940519,130013.9273,14.70091559,6.863779159,7.843461201,8.823143244,9.802825286,32.60082441,156,188,202,214,156
227,시흥3동,26.57757397,27.30940519,73284.6185,14.70091559,6.332461878,6.780826638,7.229191398,7.677556159,32.06950713,235,286,306,316,246
228,시흥4동,26.57757397,27.30940519,166049.6899,14.70091559,7.201284126,8.518471134,9.835658142,11.15284515,32.93832937,101,114,134,144,101
229,시흥5동,26.57757397,27.30940519,105843.7969,14.70091559,6.637405734,7.39071435,8.144022967,8.897331583,32.37445098,186,234,250,263,188
230,신길1동,27.04111312,27.73777174,169555.9529,14.94078394,6.803544981,8.153571066,9.50359715,10.85362323,32.63529185,163,156,160,156,150
231,신길3동,27.04111312,27.73777174,225390.3013,14.94078394,7.326480213,9.199441529,11.07240285,12.94536416,33.15822708,84,66,59,59,73
232,신길4동,27.04111312,27.73777174,221919.8926,14.94078394,7.293976941,9.134434986,10.97489303,12.81535107,33.12572381,89,72,69,63,75
233,신길5동,27.04111312,27.73777174,168606.3929,14.94078394,6.794651561,8.135784225,9.476916888,10.81804955,32.62639843,165,157,162,158,151
234,신길6동,27.04111312,27.73777174,178343.3079,14.94078394,6.885845889,8.318172881,9.750499874,11.18282687,32.71759275,149,138,139,139,139
235,신길7동,27.04111312,27.73777174,189019.4909,14.94078394,6.985837245,8.518155594,10.05047394,11.58279229,32.81758411,127,115,117,123,118
236,신내1동,26.65175876,27.31710447,112863.9851,14.16037537,7.673458078,8.492516611,9.311575145,10.13063368,32.95757538,49,121,173,196,99
237,신내2동,26.65175876,27.31710447,158299.0761,14.16037537,8.098995592,9.343591639,10.58818769,11.83278373,33.3831129,24,56,86,108,46
238,신당5동,26.80927687,27.4959843,161905.162,15.20697047,6.254068015,7.532438064,8.810808112,10.08917816,32.08332536,249,216,203,198,243
239,신당동,26.80927687,27.4959843,84836.92487,15.20697047,5.532259709,6.088821452,6.645383195,7.201944938,31.36151706,324,336,330,330,318
240,신대방1동,27.02158816,27.76917271,265500.2773,15.04001212,7.524023008,9.772647696,12.02127238,14.26989707,33.36959968,62,39,34,32,50
241,신대방2동,27.02158816,27.76917271,127085.271,15.04001212,6.227651053,7.179903787,8.13215652,9.084409254,32.07322773,255,256,251,252,245
242,신도림동,26.98509209,27.66410024,157632.5343,14.80642584,6.933053153,8.171406481,9.409759808,10.64811314,32.72162031,141,153,169,167,138
243,신림동,27.01915384,27.7182688,115257.3461,15.02141152,6.150261876,6.99173623,7.833210585,8.674684939,31.99450033,266,268,277,278,256
244,신사1동,26.63205767,27.35431763,211367.689,14.72284017,7.586369032,9.327996892,11.06962475,12.81125261,33.33530519,57,59,60,64,53
245,신사2동,26.63205767,27.35431763,141542.1235,14.72284017,6.932394385,8.020047598,9.10770081,10.19535402,32.68133054,142,167,187,194,143
246,신수동,26.95795592,27.71814614,177917.9832,15.20573579,6.406257758,7.834601229,9.262944701,10.69128817,32.23583474,225,191,178,166,216
247,신원동,27.01675725,27.75226449,196930.7518,14.49967967,7.85174168,9.458155584,11.06456949,12.67098339,33.45340602,33,49,62,68,38
248,신월1동,26.94013652,27.72147817,218784.179,14.18467132,8.621876314,10.43296579,12.24405526,14.05514473,33.93185846,14,20,30,37,17
249,신월2동,26.94013652,27.72147817,244302.6904,14.18467132,8.860878452,10.91097006,12.96106167,15.01115329,34.1708606,6,13,18,23,13
250,신월3동,26.94013652,27.72147817,123557.6197,14.18467132,7.730000179,8.649213516,9.568426854,10.48764019,33.03998232,44,105,153,179,90
251,신월4동,26.94013652,27.72147817,256560.5556,14.18467132,8.975683582,11.14058032,13.30547706,15.4703738,34.28566572,3,11,14,16,8
252,신월5동,26.94013652,27.72147817,141610.5339,14.18467132,7.899080775,8.987374708,10.07566864,11.16396257,33.20906292,32,84,114,143,66
253,신월6동,26.94013652,27.72147817,200762.1498,14.18467132,8.453084982,10.09538312,11.73768126,13.3799794,33.76306712,17,27,41,46,22
254,신월7동,26.94013652,27.72147817,125122.6598,14.18467132,7.744658085,8.678529328,9.612400571,10.54627181,33.05464023,43,104,147,175,86
255,신정1동,26.96161685,27.71537842,218279.9077,14.72174345,7.653076399,9.45944295,11.2658095,13.07217605,33.4014321,51,48,52,53,43
256,신정2동,26.96161685,27.71537842,263416.9846,14.72174345,8.075822763,10.30493568,12.53404859,14.76316151,33.82417846,25,25,24,26,21
257,신정3동,26.96161685,27.71537842,114220.2567,14.72174345,6.678470995,7.510232142,8.341993289,9.173754437,32.4268267,182,218,236,249,180
258,신정4동,26.96161685,27.71537842,208744.0458,14.72174345,7.563765101,9.280820354,10.99787561,12.71493086,33.3121208,60,63,66,66,57
259,신정6동,26.96161685,27.71537842,167564.4419,14.72174345,7.178083772,8.509457696,9.84083162,11.17220554,32.92643947,106,119,133,141,103
260,신정7동,26.96161685,27.71537842,174689.033,14.72174345,7.244811508,8.642913168,10.04101483,11.43911649,32.99316721,98,106,120,128,95
261,신촌동,26.95674819,27.71814614,30217.00101,15.86524868,3.839049323,3.884049933,3.929050542,3.974051152,28.93560192,408,411,415,417,400
262,쌍문1동,26.95455163,27.68844354,127446.8084,15.558445,5.300418726,6.25605756,7.211696393,8.167335226,30.89501867,343,319,308,296,349
263,쌍문2동,26.95455163,27.68844354,248033.7273,15.558445,6.429815775,8.514851657,10.59988754,12.68492342,32.02441572,220,117,85,67,253
264,쌍문3동,26.95455163,27.68844354,232470.0302,15.558445,6.284048774,8.223317654,10.16258654,12.10185542,31.87864872,243,150,111,94,266
265,쌍문4동,26.95455163,27.68844354,246639.4726,15.558445,6.416757417,8.488734942,10.56071247,12.63268999,32.01135736,223,124,87,70,254
266,아현동,26.90602355,27.71814614,193519.7767,14.52743471,7.769973074,9.344440351,10.91890763,12.49337491,33.39294484,40,55,71,79,45
267,안암동,26.7763436,27.56393418,55006.39972,15.21180723,5.244189694,5.521363694,5.798537694,6.075711694,31.07216468,347,361,363,367,335
268,암사1동,26.72097423,27.16779891,220109.6326,15.11411206,6.965887882,8.789391333,10.61289478,12.43639823,32.8107096,130,95,84,82,120
269,암사2동,26.72097423,27.16779891,79517.1125,15.11411206,5.649121695,6.155858959,6.662596223,7.169333487,31.49394342,316,328,329,334,307
270,암사3동,26.72097423,27.16779891,52456.28997,15.11411206,5.395674527,5.648964623,5.902254718,6.155544814,31.24049625,335,353,362,364,327
271,압구정동,26.97788345,27.70531401,84826.72557,14.8706044,6.135961644,6.692427862,7.24889408,7.805360297,31.94846855,268,300,305,311,261
272,약수동,26.83731716,27.66062802,276256.1328,15.11088069,7.497547181,9.846909424,12.19627167,14.54563391,33.34261085,64,37,31,30,52
273,양재1동,27.23765851,27.97373188,56645.87622,16.32648222,3.258635651,3.551164715,3.84369378,4.136222844,26.8568499,417,416,416,415,416
274,양재2동,27.23765851,27.97373188,16129.11364,16.32648222,2.879162383,2.79221818,2.705273977,2.618329774,26.47737663,420,421,421,422,419
275,양평1동,26.97158062,27.72056159,104091.4764,15.12796709,5.854410487,6.59130716,7.328203834,8.065100507,31.69797232,298,309,302,298,286
276,양평2동,26.97158062,27.72056159,36157.28952,15.12796709,5.218150179,5.318786544,5.419422909,5.520059274,31.06171201,350,369,383,385,336
277,여의동,26.98694143,27.71814614,30768.08502,13.18233748,8.660198765,8.710360736,8.760522707,8.810684678,32.63895272,10,101,207,270,149
278,역삼1동,27.23584692,27.97373188,56161.5226,16.11377206,3.635926887,3.923919576,4.211912265,4.499904954,28.05865772,411,410,411,409,409
279,역삼2동,27.23584692,27.97373188,203499.2995,16.11377206,5.015868028,6.683801858,8.351735688,10.01966952,29.43859886,363,302,233,203,389
280,역촌동,26.62722675,27.35431763,267841.1206,16.27984445,5.320372833,7.590921471,9.861470108,12.13201875,29.12175181,341,210,129,93,395
281,연남동,26.63084994,27.35431763,134791.1068,15.35326741,5.737510416,6.761934728,7.78635904,8.810783352,31.50560213,306,290,281,269,305
282,연희동,26.67795139,27.35431763,75693.60181,15.55556546,4.820875748,5.291802646,5.762729544,6.233656442,30.41870517,374,372,364,360,367
283,염리동,26.92051631,27.71814614,180202.9053,14.19141377,8.248427406,9.698171078,11.14791475,12.59765842,33.56551047,22,42,56,74,34
284,염창동,26.97882699,27.72056159,141877.0394,15.42061461,5.682983769,6.773773748,7.864563728,8.955353707,31.40623132,314,288,271,256,313
285,영등포동,26.98331824,27.71814614,95552.86963,15.61714406,4.896337026,5.553262527,6.210188028,6.867113529,30.41972615,371,358,349,341,366
286,영등포본동,26.98331824,27.71814614,145020.3919,15.61714406,5.359641622,6.479871719,7.600101816,8.720331913,30.88303075,340,310,291,275,350
287,오금동,27.11677234,27.85809179,148104.1094,15.39710051,5.78351471,6.932626393,8.081738076,9.230849758,31.5236919,301,274,255,245,301
288,오류1동,26.87707579,27.64651268,231558.3356,15.39710051,6.565133129,8.49586323,10.42659333,12.35732343,32.30531032,198,120,95,88,207
289,오류2동,26.87707579,27.64651268,95257.79829,15.39710051,5.28856494,5.942726852,6.596888763,7.251050675,31.02874213,344,343,332,329,339
290,오륜동,27.03352707,27.71175523,43771.65151,15.6065147,4.430443098,4.602394312,4.774345527,4.946296741,29.96750053,389,396,401,399,377
291,옥수동,26.85243056,27.59676932,86199.41464,15.03008352,5.862543345,6.43186594,7.001188536,7.570511131,31.70747987,295,312,321,320,284
292,왕십리2동,26.83914553,27.56393418,247100.7198,15.06641413,7.304302597,9.380600087,11.45689758,13.53319507,33.15074282,87,53,47,42,74
293,왕십리도선동,26.83914553,27.56393418,213913.6087,15.06641413,6.993477627,8.758950147,10.52442267,12.28989519,32.83991785,126,99,88,90,114
294,용강동,26.90481582,27.71814614,180910.3072,13.98602004,8.623747007,10.08011609,11.53648517,12.99285425,33.71035088,12,28,44,57,26
295,용답동,26.84276872,27.56393418,31285.7303,15.67026456,4.199067171,4.254077322,4.309087473,4.364097623,29.64882878,395,406,406,411,387
296,용문동,26.8705465,27.59676932,281183.6469,15.14055946,7.49042228,9.885934802,12.28144732,14.67695985,33.33252294,66,34,29,28,54
297,용산2가동,26.87892512,27.61662138,35629.54211,15.50858492,4.529975324,4.625668895,4.721362465,4.817056036,30.17713302,383,395,402,401,370
298,용신동,26.59880737,27.56393418,117177.7852,15.81855781,4.737322519,5.596783387,6.456244255,7.315705122,29.93114424,379,357,337,326,380
299,우이동,25.54725241,26.05246075,15183.19292,14.45266969,6.233910008,6.138106469,6.04230293,5.94649939,31.79771565,254,332,355,373,274
300,우장산동,26.96364321,27.72198499,219242.5063,14.88286705,7.372865329,9.188247419,11.00362951,12.8190116,33.18927002,79,68,65,62,69
301,원효로1동,26.93308424,27.6636096,144508.4444,15.25322101,6.008110728,7.12354601,8.238981292,9.354416574,31.82310357,277,260,246,236,271
302,원효로2동,26.93308424,27.6636096,133256.5415,15.25322101,5.902727275,6.912779103,7.922830931,8.932882759,31.71772012,290,277,265,259,282
303,월계1동,27.08020078,27.80736715,133397.4786,15.30814136,5.805461915,6.816833737,7.828205558,8.83957738,31.59751774,300,284,278,265,296
304,월계2동,27.08020078,27.80736715,107232.942,15.30814136,5.560409212,6.326728331,7.09304745,7.859366569,31.35246503,321,317,316,310,319
305,월계3동,27.08020078,27.80736715,190838.3318,15.30814136,6.343443403,7.892796713,9.442150023,10.99150333,32.13549923,234,183,166,150,233
306,월곡1동,26.84208308,27.68565067,243451.7876,14.74611225,7.845088581,9.887210777,11.92933297,13.97145517,33.60598008,34,33,37,40,30
307,월곡2동,26.84208308,27.68565067,98595.72387,14.93841964,6.143187336,6.828611704,7.514036073,8.199460441,31.97440928,267,283,295,294,258
308,위례동,26.8261247,27.50347222,78361.08238,15.44760921,5.039646933,5.535557011,6.031467089,6.527377166,30.74172204,361,360,356,351,356
309,은천동,27.00225506,27.69457654,296334.0656,15.06181846,7.773663435,10.31107226,12.84848109,15.38588992,33.62004191,39,23,21,17,29
310,을지로동,26.65345713,27.30442331,25551.63623,16.51433653,2.630202295,2.631507873,2.632813451,2.634119029,25.26454159,421,422,422,421,421
311,응봉동,26.95010568,27.70531401,196373.1997,14.53760867,7.778434898,9.379626861,10.98081882,12.58201079,33.40901735,38,54,68,75,41
312,응암1동,26.62561645,27.35431763,161708.3461,14.95498063,6.704561699,7.981088402,9.257615106,10.53414181,32.53927466,175,173,179,177,165
313,응암2동,26.62561645,27.35431763,230255.888,14.95498063,7.346566589,9.265098182,11.18362978,13.10216137,33.18127955,82,64,54,52,71
314,응암3동,26.62561645,27.35431763,289600.5799,14.95498063,7.902379114,10.37672323,12.85106735,15.32541147,33.73709207,31,22,20,18,25
315,이문1동,26.83129529,27.56393418,111041.1177,14.93119032,6.272725891,7.074711751,7.876697611,8.678683471,32.10228837,246,264,270,277,239
316,이문2동,26.83129529,27.56393418,216140.7413,14.93119032,7.257071505,9.043402979,10.82973445,12.61606593,33.08663399,96,81,75,72,81
317,이촌1동,26.91508153,27.65745773,75207.89351,16.03045608,3.963869256,4.43024709,4.896624925,5.363002759,28.64389557,404,402,398,392,401
318,이촌2동,26.91508153,27.65745773,50982.04908,16.03045608,3.736974021,3.976456622,4.215939222,4.455421822,28.41700034,409,409,409,410,404
319,이태원1동,26.87416969,27.59676932,94380.86823,15.75788256,4.632726139,5.27867487,5.9246236,6.570572331,29.94066453,380,373,360,350,379
320,이태원2동,26.87416969,27.59676932,79383.42428,15.75788256,4.492262571,4.997747733,5.503232895,6.008718057,29.80020096,385,386,377,370,384
321,이화동,26.37205616,27.30442331,59813.55415,14.93949012,5.778038404,6.100235414,6.422432424,6.744629433,31.6094991,302,334,339,346,295
322,인수동,25.65313674,26.15144424,69977.57853,14.56444815,6.546456016,6.963847589,7.381239163,7.798630736,32.19659026,200,271,299,312,224
323,인헌동,27.00225506,27.70266267,133731.4171,15.06181846,6.250754042,7.265253476,8.279752909,9.294252343,32.09713251,251,248,242,238,241
324,일원1동,27.10227959,27.85809179,121945.3234,15.28379781,5.741901067,6.646013906,7.550126745,8.454239583,31.54494808,305,308,294,286,298
325,일원2동,27.10227959,27.85809179,104380.9232,15.28379781,5.577395812,6.317003396,7.05661098,7.796218564,31.38044283,317,318,317,313,316
326,일원본동,27.10227959,27.85809179,66409.42066,15.28379781,5.221761028,5.605733828,5.989706627,6.373679427,31.02480804,349,355,357,354,340
327,자양1동,26.93863225,27.67451691,223356.6033,15.23723778,6.77528035,8.629194389,10.48310843,12.33702247,32.5957127,167,107,91,89,159
328,자양2동,26.93863225,27.67451691,92510.70487,15.23723778,5.549799402,6.178232493,6.806665585,7.435098676,31.37023175,322,326,325,323,317
329,자양3동,26.93863225,27.67451691,151502.0138,15.23723778,6.102302201,7.283238092,8.464173982,9.645109873,31.92273455,269,242,227,226,263
330,자양4동,26.93863225,27.67451691,107029.8141,15.23723778,5.685782968,6.450199624,7.214616281,7.979032938,31.50621532,312,311,307,302,304
331,잠실2동,26.99365942,27.7509058,122639.7213,15.83222484,4.763944966,5.67456142,6.585177873,7.495794327,29.93016711,378,351,333,322,381
332,잠실3동,26.99365942,27.7509058,175601.831,15.83222484,5.259979287,6.666630063,8.073280838,9.479931613,30.42620143,346,306,256,231,365
333,잠실4동,26.99365942,27.7509058,105610.0909,15.83222484,4.604448277,5.355568042,6.106687807,6.857807572,29.77067042,382,367,353,342,385
334,잠실6동,26.99365942,27.7509058,44307.18989,15.83222484,4.03029549,4.207262468,4.384229446,4.561196424,29.19651763,402,407,404,408,393
335,잠실7동,26.99365942,27.7509058,132533.9659,15.83222484,4.856612817,5.859897122,6.863181427,7.866465732,30.02283496,373,345,323,309,375
336,잠실본동,26.99365942,27.7509058,147621.9636,15.83222484,4.997924498,6.142520483,7.287116468,8.431712454,30.16414664,364,330,303,288,371
337,잠원동,26.87416969,27.59676932,101203.8644,15.97636479,4.304440346,5.014292125,5.724143904,6.433995683,29.13393144,390,385,367,353,394
338,장안1동,26.82646437,27.56393418,194135.7078,15.03243364,6.869238136,8.449474122,10.02971011,11.60994609,32.71434158,152,129,121,122,140
339,장안2동,26.82646437,27.56393418,203137.3801,15.03243364,6.953546304,8.618090457,10.28263461,11.94717876,32.79864975,134,110,103,105,123
340,장위1동,27.07698017,27.80736715,191697.3199,14.79497514,7.272652984,8.830051434,10.38744988,11.94484833,33.05634197,91,91,98,106,85
341,장위2동,27.07698017,27.80736715,156635.3283,14.79497514,6.944268195,8.173281857,9.402295518,10.63130918,32.72795718,135,152,170,168,136
342,장위3동,27.07698017,27.80736715,163780.2621,14.79497514,7.011186458,8.307118382,9.603050307,10.89898223,32.79487544,124,141,149,153,124
343,장지동,26.8261247,27.50347222,130904.143,14.28811527,7.613118347,8.601138002,9.589157656,10.57717731,33.02820653,52,112,151,171,92
344,장충동,26.59790157,27.30442331,21042.65849,15.232971,4.88810068,4.847175921,4.806251163,4.765326405,30.70989325,372,391,399,404,357
345,전농1동,26.82525664,27.56393418,169843.8795,14.97010875,6.753601845,8.106324603,9.459047361,10.81177012,32.59112106,170,162,164,159,161
346,전농2동,26.82525664,27.56393418,164154.136,14.97010875,6.700312653,7.999746219,9.299179785,10.59861335,32.53783186,177,169,174,170,166
347,정릉1동,25.9466712,26.67844203,285088.6752,14.53018631,8.622652877,11.05473925,13.48682561,15.91891198,34.24769368,13,12,13,13,10
348,정릉2동,25.9466712,26.67844203,135367.1634,14.53018631,7.22038607,8.250205633,9.280025195,10.30984476,32.84542687,99,148,175,187,113
349,정릉3동,25.9466712,26.67844203,28044.16396,14.53018631,6.215216687,6.239866866,6.264517045,6.289167224,31.84025749,259,320,346,358,269
350,정릉4동,25.9466712,26.67844203,56106.20254,14.53018631,6.478041078,6.765515648,7.052990219,7.340464789,32.10308188,213,289,318,324,238
351,제기동,26.8705465,27.56393418,158295.9744,14.95186831,6.678188779,7.922755776,9.167322773,10.41188977,32.51227888,183,179,184,183,170
352,조원동,27.01915384,27.7182688,146798.3476,15.02141152,6.445669657,7.582551792,8.719433926,9.856316061,32.28990811,218,211,210,213,210
353,종로1·2·3·4가동,26.60454408,27.30442331,25747.09281,17.07509698,1.625433944,1.628570136,1.631706328,1.63484252,19.5534486,424,423,423,423,424
354,종로5·6가동,26.60454408,27.30442331,56853.14689,16.20650133,3.475949871,3.770420198,4.064890525,4.359360852,27.57061579,412,413,414,412,413
355,종암동,26.70387983,27.56393418,184827.1296,14.73605606,7.314071234,8.807124623,10.30017801,11.7932314,33.06988186,85,93,101,111,82
356,중계1동,26.47404891,27.20748415,292345.6534,14.50834653,8.729824264,11.22987828,13.72993231,16.22998633,34.33822694,7,8,9,11,5
357,중계2·3동,26.47404891,27.20748415,290405.7219,14.50834653,8.711655188,11.19354013,13.67542508,16.15731002,34.32005787,8,9,11,12,6
358,중계4동,26.47404891,27.20748415,89982.04321,14.50834653,6.834520309,7.439270375,8.044020442,8.648770508,32.44292299,161,229,257,280,179
359,중계본동,26.47404891,27.20748415,80377.46842,14.50834653,6.744565457,7.259360672,7.774155886,8.288951101,32.35296814,171,249,282,293,195
360,중곡1동,26.66674215,27.43765096,139091.6753,14.97318175,6.460065604,7.524768326,8.589471048,9.65417377,32.29810968,217,217,222,224,209
361,중곡2동,26.66674215,27.43765096,225055.1763,14.97318175,7.265185474,9.135008065,11.00483066,12.87465325,33.10322955,94,71,64,60,79
362,중곡3동,26.66674215,27.43765096,163477.1623,14.97318175,6.688456025,7.981549167,9.274642309,10.56773545,32.5265001,181,172,177,172,167
363,중곡4동,26.66674215,27.43765096,77045.07108,14.97318175,5.878947417,6.362531951,6.846116486,7.329701021,31.71699149,293,315,324,325,283
364,중림동,26.91402476,27.59676932,167386.0611,15.42188739,5.919612325,7.249315564,8.579018803,9.908722041,31.64190366,288,251,225,208,292
365,중앙동,27.00225506,27.69457654,199237.8896,15.06181846,6.864276782,8.492298955,10.12032113,11.7483433,32.71065525,154,122,113,114,141
366,중화1동,26.67851751,27.43765096,202749.0842,14.7652839,7.429459543,9.090366981,10.75127442,12.41218186,33.19967321,75,77,80,85,67
367,중화2동,26.67851751,27.43765096,159218.9617,14.7652839,7.021763648,8.27497519,9.528186733,10.78139828,32.79197731,121,143,158,161,125
368,증산동,26.65017361,27.35431763,134376.3063,14.8630451,6.613604187,7.634143546,8.654682905,9.675222264,32.42359814,190,207,217,220,181
369,진관동,26.68172554,27.43161232,35833.68402,13.76519978,7.661369191,7.758974721,7.856580251,7.954185781,32.47169607,50,198,273,303,174
370,창1동,26.97271286,27.71222826,200726.6795,14.72914154,7.475395756,9.117361688,10.75932762,12.40129355,33.22763745,69,74,78,87,63
371,창2동,26.97271286,27.71222826,183054.7814,14.72914154,7.309883694,8.786337565,10.26279144,11.73924531,33.06212539,86,96,105,116,83
372,창3동,26.97271286,27.71222826,157279.6597,14.72914154,7.068478186,8.303526548,9.53857491,10.77362327,32.82071988,118,142,157,162,117
373,창4동,26.97271286,27.71222826,181840.1366,14.72914154,7.298507533,8.763585241,10.22866295,11.69374066,33.05074923,88,98,106,118,87
374,창5동,26.97271286,27.71222826,230848.6773,14.72914154,7.757513384,9.681596943,11.6056805,13.52976406,33.50975508,41,43,42,43,36
375,창신1동,26.68724147,27.39706622,126216.3096,15.12121629,6.073746099,7.017860284,7.96197447,8.906088655,31.91796703,270,266,262,262,264
376,창신2동,26.68724147,27.39706622,220814.6156,15.12121629,6.959738118,8.789844322,10.61995053,12.45005673,32.80395905,133,94,83,81,122
377,창신3동,26.68724147,27.39706622,197598.0281,15.12121629,6.742295416,8.354958919,9.967622421,11.58028592,32.58651635,173,134,124,124,162
378,천연동,26.50249094,27.30442331,128190.6104,14.9771975,6.350759516,7.313364675,8.275969834,9.238574993,32.18946632,232,238,243,243,227
379,천호1동,26.81108092,27.54662339,249016.7321,15.24125391,7.008399649,9.102642191,11.19688473,13.29112727,32.82751645,125,76,53,48,115
380,천호2동,26.81108092,27.54662339,132129.3509,15.24125391,5.913651856,6.913146603,7.912641351,8.912136099,31.73276866,289,276,266,261,281
381,천호3동,26.81108092,27.54662339,197282.1586,15.24125391,6.523862229,8.133567351,9.743272472,11.35297759,32.34297903,204,158,140,131,197
382,청구동,26.81414952,27.66062802,280216.3032,14.8327546,8.033890658,10.4203432,12.80679574,15.19324828,33.83298605,26,21,22,21,20
383,청담동,26.95855978,27.70531401,72795.26977,16.39599707,3.28510482,3.728886421,4.172668023,4.616449624,26.55487729,416,414,413,407,418
384,청량리동,26.88262379,27.56393418,140841.1663,15.00329045,6.422404093,7.503492257,8.584580421,9.665668585,32.26477071,221,219,223,223,211
385,청룡동,27.00225506,27.7182688,133985.394,15.06181846,6.253132748,7.270010888,8.286889027,9.303767167,32.09951122,250,245,241,237,240
386,청림동,27.00225506,27.69457654,355040.245,15.06181846,8.323495759,11.41073691,14.49797806,17.58521921,34.16987423,20,6,5,5,14
387,청운효자동,26.64983394,27.30442331,35114.15814,15.04097924,5.364528841,5.455395411,5.546261981,5.637128551,31.21015874,339,362,375,382,329
388,청파동,26.85484601,27.59676932,126069.6432,15.30462247,5.743147251,6.685887783,7.628628315,8.571368848,31.53687442,304,301,289,284,300
389,충현동,26.64907911,27.38307669,114298.9322,17.04375334,2.511059492,3.343557501,4.176055509,5.008553518,20.79351947,422,419,412,398,422
390,평창동,26.58340882,27.30442331,14613.47106,14.60295052,5.958810902,5.857671443,5.756531983,5.655392524,31.63562783,283,346,365,380,293
391,풍납1동,26.86737621,27.64371981,125590.5433,15.00046841,6.284635032,7.222888395,8.161141757,9.099395119,32.12666035,242,253,249,251,235
392,풍납2동,26.86737621,27.64371981,97585.38913,15.00046841,6.022343411,6.698305152,7.374266893,8.050228634,31.86436873,275,298,300,299,267
393,필동,26.64741848,27.30442331,25246.77006,15.59748001,4.273159951,4.271610204,4.270060456,4.268510708,29.82156273,391,405,407,413,382
394,하계1동,27.08201238,27.80736715,110845.7012,14.41555139,7.19649877,7.996654391,8.796810013,9.596965634,32.72889733,102,170,206,227,135
395,하계2동,27.08201238,27.80736715,295543.5771,14.41555139,8.926348392,11.45635363,13.98635888,16.51636412,34.45874695,4,5,7,8,4
396,한강로동,26.87296196,27.59676932,42491.05512,16.23357703,3.292834374,3.452791735,3.612749097,3.772706458,27.28284614,415,417,419,419,414
397,한남동,26.90194746,27.59676932,47098.08404,15.74988421,4.204240956,4.407346985,4.610453014,4.813559043,29.52622579,394,403,403,403,388
398,합정동,26.9652023,27.71814614,56495.23404,15.48275143,4.771772623,5.062890798,5.354008973,5.645127148,30.44342256,376,381,385,381,364
399,항동,26.80891455,27.56884058,64784.13346,14.02449429,7.467064953,7.835815583,8.204566213,8.573316842,32.5989555,70,190,247,283,157
400,행당1동,27.01351147,27.70531401,143038.7094,15.13970442,6.19811459,7.299784578,8.401454565,9.503124553,32.04032407,260,239,229,230,251
401,행당2동,27.01351147,27.70531401,373564.1229,15.13970442,8.357177316,11.61791003,14.87864274,18.13937545,34.19938679,19,4,4,4,11
402,행운동,27.00225506,27.69457654,210464.6159,15.06181846,6.969424435,8.702594262,10.43576409,12.16893392,32.8158029,129,102,94,92,119
403,혜화동,26.58099336,27.30442331,89787.99138,15.32168689,5.372707654,5.975640263,6.578572872,7.181505482,31.15806616,338,340,334,333,330
404,홍은1동,26.62577748,27.35431763,102984.0849,14.57453341,6.837485814,7.564010842,8.290535871,9.017060899,32.49476672,160,212,240,254,173
405,홍은2동,26.62577748,27.35431763,87815.43383,14.57453341,6.695418748,7.279876711,7.864334674,8.448792636,32.35269965,179,243,272,287,196
406,홍제1동,26.62601902,27.35431763,135074.3593,14.84169406,6.658468444,7.685545652,8.71262286,9.739700068,32.46091695,185,205,211,218,178
407,홍제2동,26.62601902,27.35431763,121923.0822,14.84169406,6.535295768,7.439200299,8.343104831,9.247009362,32.33774428,202,230,234,242,198
408,홍제3동,26.62601902,27.35431763,113994.5261,14.84169406,6.461038228,7.290685219,8.120332211,8.949979202,32.26348674,216,240,252,257,212
409,화곡1동,26.95442259,27.72198499,256484.3222,14.88286705,7.721665989,9.885848739,12.05003149,14.21421424,33.53807069,46,35,33,33,35
410,화곡2동,26.95442259,27.72198499,259490.1222,14.88286705,7.749817813,9.942152387,12.13448696,14.32682153,33.56622251,42,32,32,31,33
411,화곡3동,26.95442259,27.72198499,278909.3586,14.88286705,7.931695155,10.30590707,12.68011899,15.0543309,33.74809985,30,24,23,22,23
412,화곡4동,26.95442259,27.72198499,164632.2239,14.88286705,6.861394496,8.165305753,9.469217011,10.77312827,32.67779919,157,154,163,164,144
413,화곡6동,26.95442259,27.72198499,128268.5709,14.88286705,6.520818563,7.484153888,8.447489213,9.410824537,32.33722326,207,224,228,234,199
414,화곡8동,26.95442259,27.72198499,298301.959,14.88286705,8.113323029,10.66916282,13.22500261,15.7808424,33.92972772,23,18,15,14,18
415,화곡본동,26.95442259,27.72198499,199770.7069,14.88286705,7.19049569,8.823508141,10.45652059,12.08953304,33.00690039,105,92,92,96,94
416,화양동,26.94769022,27.70531401,65914.57423,15.44372816,4.930041722,5.309379872,5.688718022,6.068056172,30.63527688,370,370,371,368,360
417,황학동,26.84518418,27.56393418,214953.3634,15.51911877,6.19058356,7.96579425,9.741004939,11.51621563,31.82722477,262,176,141,125,270
418,회기동,26.84639191,27.56393418,77913.8135,15.08214565,5.691487101,6.183208133,6.674929165,7.166650196,31.53785214,311,324,328,335,299
419,회현동,26.88987017,27.59676932,58486.91987,15.83591716,4.156472548,4.466244521,4.776016494,5.085788468,29.31511564,397,399,400,397,391
420,효창동,26.86813104,27.59676932,134940.549,15.37552691,5.698952914,6.724776876,7.750600839,8.776424801,31.45345293,308,292,284,273,311
421,후암동,26.86571558,27.59676932,133973.0647,15.24089183,5.931569738,6.948332404,7.96509507,8.981857735,31.75080655,285,273,260,255,279
422,휘경1동,26.83673007,27.56393418,120704.0158,14.84511707,6.517733695,7.410220653,8.30270761,9.195194568,32.32143602,208,232,239,248,202
423,휘경2동,26.83673007,27.56393418,144742.4897,14.84511707,6.742874048,7.860501359,8.97812867,10.09575598,32.54657637,172,186,192,197,164
424,흑석동,26.91750292,27.70350242,131187.3974,15.26377134,5.864409533,6.855082101,7.845754669,8.836427236,31.67551109,294,281,276,267,290
